Date,Open,High,Low,Close,Volume,Ex-Dividend,Split Ratio
06/29/2010,19.0,25.0,17.54,23.89,18766300.0,0.0,1.0
06/30/2010,25.79,30.42,23.3,23.83,17187100.0,0.0,1.0
07/01/2010,25.0,25.92,20.27,21.96,8218800.0,0.0,1.0
07/02/2010,23.0,23.1,18.71,19.2,5139800.0,0.0,1.0
07/06/2010,20.0,20.0,15.83,16.11,6866900.0,0.0,1.0
07/07/2010,16.4,16.63,14.98,15.8,6921700.0,0.0,1.0
07/08/2010,16.14,17.52,15.57,17.46,7711400.0,0.0,1.0
07/09/2010,17.58,17.9,16.55,17.4,4050600.0,0.0,1.0
07/12/2010,17.95,18.07,17.0,17.05,2202500.0,0.0,1.0
07/13/2010,17.39,18.64,16.9,18.14,2680100.0,0.0,1.0
07/14/2010,17.94,20.15,17.76,19.84,4195200.0,0.0,1.0
07/15/2010,19.94,21.5,19.0,19.89,3739800.0,0.0,1.0
07/16/2010,20.7,21.3,20.05,20.64,2621300.0,0.0,1.0
07/19/2010,21.37,22.25,20.92,21.91,2486500.0,0.0,1.0
07/20/2010,21.85,21.85,20.05,20.3,1825300.0,0.0,1.0
07/21/2010,20.66,20.9,19.5,20.22,1252500.0,0.0,1.0
07/22/2010,20.5,21.25,20.37,21.0,957800.0,0.0,1.0
07/23/2010,21.19,21.56,21.06,21.29,653600.0,0.0,1.0
07/26/2010,21.5,21.5,20.3,20.95,922200.0,0.0,1.0
07/27/2010,20.91,21.18,20.26,20.55,619700.0,0.0,1.0
07/28/2010,20.55,20.9,20.51,20.72,467200.0,0.0,1.0
07/29/2010,20.77,20.88,20.0,20.35,616000.0,0.0,1.0
07/30/2010,20.2,20.44,19.55,19.94,426900.0,0.0,1.0
08/02/2010,20.5,20.97,20.33,20.92,718100.0,0.0,1.0
08/03/2010,21.0,21.95,20.82,21.95,1230500.0,0.0,1.0
08/04/2010,21.95,22.18,20.85,21.26,913000.0,0.0,1.0
08/05/2010,21.54,21.55,20.05,20.45,796200.0,0.0,1.0
08/06/2010,20.1,20.16,19.52,19.59,741900.0,0.0,1.0
08/09/2010,19.9,19.98,19.45,19.6,812700.0,0.0,1.0
08/10/2010,19.65,19.65,18.82,19.03,1281300.0,0.0,1.0
08/11/2010,18.69,18.88,17.85,17.9,797600.0,0.0,1.0
08/12/2010,17.8,17.9,17.39,17.6,691000.0,0.0,1.0
08/13/2010,18.18,18.45,17.66,18.32,634000.0,0.0,1.0
08/16/2010,18.45,18.8,18.26,18.78,485800.0,0.0,1.0
08/17/2010,18.96,19.4,18.78,19.15,447900.0,0.0,1.0
08/18/2010,19.59,19.59,18.6,18.77,601300.0,0.0,1.0
08/19/2010,18.54,19.25,18.33,18.79,579100.0,0.0,1.0
08/20/2010,18.65,19.11,18.51,19.1,296000.0,0.0,1.0
08/23/2010,19.09,20.39,19.0,20.13,1088100.0,0.0,1.0
08/24/2010,19.25,19.71,18.95,19.2,673100.0,0.0,1.0
08/25/2010,19.16,19.98,18.56,19.9,503300.0,0.0,1.0
08/26/2010,19.89,20.27,19.6,19.75,433800.0,0.0,1.0
08/27/2010,19.75,19.87,19.5,19.7,379600.0,0.0,1.0
08/30/2010,19.7,20.19,19.61,19.87,732800.0,0.0,1.0
08/31/2010,19.66,19.79,19.33,19.48,201100.0,0.0,1.0
09/01/2010,19.62,20.69,19.6,20.45,494900.0,0.0,1.0
09/02/2010,20.37,21.24,20.31,21.06,487100.0,0.0,1.0
09/03/2010,20.87,21.3,20.66,21.05,434600.0,0.0,1.0
09/07/2010,20.61,21.0,20.5,20.54,243400.0,0.0,1.0
09/08/2010,20.66,20.95,20.6,20.9,288400.0,0.0,1.0
09/09/2010,21.0,21.05,20.69,20.71,376200.0,0.0,1.0
09/10/2010,20.75,20.93,19.76,20.17,386600.0,0.0,1.0
09/13/2010,20.89,20.9,20.5,20.72,360800.0,0.0,1.0
09/14/2010,20.54,21.6,20.53,21.12,654700.0,0.0,1.0
09/15/2010,20.98,22.0,20.79,21.98,684600.0,0.0,1.0
09/16/2010,22.15,23.16,20.84,20.94,2684500.0,0.0,1.0
09/17/2010,21.02,21.32,19.8,20.23,1198500.0,0.0,1.0
09/20/2010,20.67,21.35,20.16,21.06,947500.0,0.0,1.0
09/21/2010,20.89,21.55,20.67,20.77,796000.0,0.0,1.0
09/22/2010,20.87,20.95,19.8,19.87,962900.0,0.0,1.0
09/23/2010,19.89,20.14,19.5,19.56,668100.0,0.0,1.0
09/24/2010,19.95,20.19,19.65,20.1,578900.0,0.0,1.0
09/27/2010,20.4,20.81,20.05,20.53,418600.0,0.0,1.0
09/28/2010,21.04,21.49,20.76,21.4,1214500.0,0.0,1.0
09/29/2010,21.19,22.03,21.13,21.98,1969300.0,0.0,1.0
09/30/2010,22.0,22.15,20.19,20.41,2195800.0,0.0,1.0
10/01/2010,20.69,20.75,20.31,20.6,597700.0,0.0,1.0
10/04/2010,20.43,21.17,20.3,20.99,643600.0,0.0,1.0
10/05/2010,21.15,21.28,21.01,21.12,332000.0,0.0,1.0
10/06/2010,21.06,21.26,20.32,20.46,313400.0,0.0,1.0
10/07/2010,20.57,20.64,20.34,20.43,141000.0,0.0,1.0
10/08/2010,20.43,20.79,20.39,20.43,267800.0,0.0,1.0
10/11/2010,20.44,20.7,20.07,20.24,171200.0,0.0,1.0
10/12/2010,20.2,20.28,20.03,20.24,244000.0,0.0,1.0
10/13/2010,20.64,20.85,20.36,20.54,318200.0,0.0,1.0
10/14/2010,21.0,21.03,20.4,20.75,294800.0,0.0,1.0
10/15/2010,20.89,20.9,20.25,20.54,284700.0,0.0,1.0
10/18/2010,20.52,20.64,20.22,20.23,162800.0,0.0,1.0
10/19/2010,20.2,20.41,20.0,20.05,245200.0,0.0,1.0
10/20/2010,20.16,20.69,20.04,20.65,312500.0,0.0,1.0
10/21/2010,20.61,20.95,20.45,20.75,417100.0,0.0,1.0
10/22/2010,20.68,20.93,20.55,20.72,161100.0,0.0,1.0
10/25/2010,20.94,20.98,20.73,20.85,118500.0,0.0,1.0
10/26/2010,20.8,21.87,20.51,21.36,660900.0,0.0,1.0
10/27/2010,21.25,21.38,20.65,21.0,356500.0,0.0,1.0
10/28/2010,21.39,21.5,20.96,21.19,224200.0,0.0,1.0
10/29/2010,21.14,21.85,21.05,21.84,280600.0,0.0,1.0
11/01/2010,21.94,22.75,21.31,21.41,455800.0,0.0,1.0
11/02/2010,21.68,21.88,21.05,21.25,322500.0,0.0,1.0
11/03/2010,21.28,22.5,21.16,21.77,372600.0,0.0,1.0
11/04/2010,22.6,25.33,22.15,24.9,1874000.0,0.0,1.0
11/05/2010,24.87,24.97,23.72,24.44,1011000.0,0.0,1.0
11/08/2010,24.5,25.0,24.03,24.98,509500.0,0.0,1.0
11/09/2010,25.0,25.69,24.05,24.63,956400.0,0.0,1.0
11/10/2010,24.48,29.97,24.05,29.36,3060500.0,0.0,1.0
11/11/2010,28.6,29.1,27.33,28.04,1945300.0,0.0,1.0
11/12/2010,28.25,30.5,28.07,29.84,2729100.0,0.0,1.0
11/15/2010,30.22,32.94,30.22,30.8,2622900.0,0.0,1.0
11/16/2010,31.0,31.4,28.42,29.67,1347600.0,0.0,1.0
11/17/2010,30.2,30.75,28.61,29.49,750000.0,0.0,1.0
11/18/2010,30.67,30.74,28.92,29.89,956100.0,0.0,1.0
11/19/2010,30.16,31.37,29.7,30.99,1150500.0,0.0,1.0
11/22/2010,31.57,33.45,31.5,33.4,1529700.0,0.0,1.0
11/23/2010,33.29,35.68,32.19,34.57,1577800.0,0.0,1.0
11/24/2010,35.27,35.97,34.33,35.47,1425000.0,0.0,1.0
11/26/2010,35.6,36.0,34.75,35.32,350600.0,0.0,1.0
11/29/2010,35.41,35.95,33.33,34.33,1145600.0,0.0,1.0
11/30/2010,33.74,35.33,33.41,35.33,2222600.0,0.0,1.0
12/01/2010,35.87,36.42,33.45,34.35,1299200.0,0.0,1.0
12/02/2010,34.01,34.3,31.2,32.35,2007000.0,0.0,1.0
12/03/2010,32.01,32.25,30.87,31.49,1160100.0,0.0,1.0
12/06/2010,31.35,31.45,29.56,30.31,1274400.0,0.0,1.0
12/07/2010,30.49,32.4,30.05,31.56,1311300.0,0.0,1.0
12/08/2010,32.48,32.49,31.52,32.37,660000.0,0.0,1.0
12/09/2010,32.51,32.72,31.65,32.05,406000.0,0.0,1.0
12/10/2010,32.05,32.92,31.13,31.52,429400.0,0.0,1.0
12/13/2010,31.64,31.77,30.4,30.55,410400.0,0.0,1.0
12/14/2010,30.29,30.39,27.76,28.53,1765700.0,0.0,1.0
12/15/2010,28.67,29.97,28.53,29.6,742900.0,0.0,1.0
12/16/2010,30.0,30.91,29.65,30.81,790100.0,0.0,1.0
12/17/2010,31.34,31.54,30.71,31.36,813000.0,0.0,1.0
12/20/2010,31.64,32.19,31.26,31.7,523400.0,0.0,1.0
12/21/2010,31.8,32.69,31.71,32.26,777700.0,0.0,1.0
12/22/2010,32.25,32.86,31.7,32.63,833300.0,0.0,1.0
12/23/2010,31.26,32.48,29.92,30.09,1552600.0,0.0,1.0
12/27/2010,28.02,28.58,25.06,25.55,9301900.0,0.0,1.0
12/28/2010,25.85,26.75,25.0,26.41,4056300.0,0.0,1.0
12/29/2010,27.03,28.01,26.5,27.73,3319200.0,0.0,1.0
12/30/2010,27.7,27.9,26.38,26.5,2041100.0,0.0,1.0
12/31/2010,26.57,27.25,26.5,26.63,1417900.0,0.0,1.0
01/03/2011,26.84,27.0,25.9,26.62,1283000.0,0.0,1.0
01/04/2011,26.66,26.95,26.02,26.67,1187400.0,0.0,1.0
01/05/2011,26.48,26.9,26.19,26.83,1446700.0,0.0,1.0
01/06/2011,26.83,28.0,26.81,27.88,2061200.0,0.0,1.0
01/07/2011,28.0,28.58,27.9,28.24,2247900.0,0.0,1.0
01/10/2011,28.17,28.68,28.05,28.45,1342700.0,0.0,1.0
01/11/2011,28.59,28.71,26.92,26.96,1710200.0,0.0,1.0
01/12/2011,27.01,27.4,26.52,26.96,964400.0,0.0,1.0
01/13/2011,26.96,26.97,26.16,26.22,723600.0,0.0,1.0
01/14/2011,26.15,26.58,25.61,25.75,1192000.0,0.0,1.0
01/18/2011,25.48,25.64,24.75,25.64,1621700.0,0.0,1.0
01/19/2011,25.27,25.47,23.75,24.03,2371500.0,0.0,1.0
01/20/2011,24.03,24.45,22.37,22.62,2279900.0,0.0,1.0
01/21/2011,23.12,23.59,22.71,23.04,1217000.0,0.0,1.0
01/24/2011,23.53,24.81,23.23,24.49,1645100.0,0.0,1.0
01/25/2011,24.65,24.89,24.02,24.68,1271500.0,0.0,1.0
01/26/2011,24.71,24.88,24.1,24.75,1079900.0,0.0,1.0
01/27/2011,24.74,25.08,24.53,24.92,895700.0,0.0,1.0
01/28/2011,24.88,24.88,23.75,24.01,1048400.0,0.0,1.0
01/31/2011,24.05,24.12,23.5,24.1,830300.0,0.0,1.0
02/01/2011,24.31,24.73,23.54,23.91,707800.0,0.0,1.0
02/02/2011,24.16,24.18,23.67,23.94,569500.0,0.0,1.0
02/03/2011,23.82,23.9,23.15,23.63,512000.0,0.0,1.0
02/04/2011,23.44,23.67,23.22,23.46,544000.0,0.0,1.0
02/07/2011,23.26,23.26,22.88,23.07,895100.0,0.0,1.0
02/08/2011,23.78,25.25,23.0,24.49,3504900.0,0.0,1.0
02/09/2011,24.13,24.18,22.79,23.21,2635600.0,0.0,1.0
02/10/2011,23.26,23.64,22.81,23.22,836100.0,0.0,1.0
02/11/2011,23.25,23.75,22.94,23.25,634500.0,0.0,1.0
02/14/2011,23.64,24.14,23.05,23.08,1283100.0,0.0,1.0
02/15/2011,23.01,23.17,22.56,22.84,953700.0,0.0,1.0
02/16/2011,23.1,24.97,23.07,24.73,4115100.0,0.0,1.0
02/17/2011,24.63,25.49,23.55,23.6,2618400.0,0.0,1.0
02/18/2011,23.33,23.49,22.96,23.18,2370700.0,0.0,1.0
02/22/2011,22.88,23.0,21.78,21.87,2064600.0,0.0,1.0
02/23/2011,22.18,22.5,21.11,21.83,1605600.0,0.0,1.0
02/24/2011,21.78,22.58,21.5,22.53,1055300.0,0.0,1.0
02/25/2011,22.81,23.85,22.69,23.61,1346300.0,0.0,1.0
02/28/2011,23.74,24.1,23.5,23.89,1051200.0,0.0,1.0
03/01/2011,24.05,24.32,23.7,23.94,1106400.0,0.0,1.0
03/02/2011,23.82,24.28,23.73,24.02,663300.0,0.0,1.0
03/03/2011,24.48,24.79,24.06,24.36,640200.0,0.0,1.0
03/04/2011,24.48,24.99,23.78,24.95,1580100.0,0.0,1.0
03/07/2011,24.93,25.4,24.7,24.94,2033600.0,0.0,1.0
03/08/2011,24.6,24.96,24.0,24.66,1399900.0,0.0,1.0
03/09/2011,24.66,24.99,24.27,24.72,924800.0,0.0,1.0
03/10/2011,24.44,24.49,23.73,24.01,1017000.0,0.0,1.0
03/11/2011,23.85,24.25,23.53,24.07,930800.0,0.0,1.0
03/14/2011,23.82,24.0,23.2,23.25,1166000.0,0.0,1.0
03/15/2011,22.2,22.96,21.8,22.95,1318800.0,0.0,1.0
03/16/2011,22.86,23.25,22.69,22.82,1169700.0,0.0,1.0
03/17/2011,23.24,23.43,22.64,22.81,922600.0,0.0,1.0
03/18/2011,23.19,23.19,22.51,22.96,687900.0,0.0,1.0
03/21/2011,23.05,23.05,22.54,22.73,411700.0,0.0,1.0
03/22/2011,22.73,22.86,22.0,22.19,582900.0,0.0,1.0
03/23/2011,22.11,22.27,21.77,22.21,422800.0,0.0,1.0
03/24/2011,22.14,22.38,21.98,22.33,462200.0,0.0,1.0
03/25/2011,22.43,23.0,22.4,22.75,568000.0,0.0,1.0
03/28/2011,22.7,23.54,22.55,23.25,1058100.0,0.0,1.0
03/29/2011,23.3,24.0,23.21,23.92,755400.0,0.0,1.0
03/30/2011,24.11,24.49,23.01,23.71,1223300.0,0.0,1.0
03/31/2011,26.55,28.71,26.5,27.75,11517800.0,0.0,1.0
04/01/2011,27.45,28.18,26.57,26.66,2864800.0,0.0,1.0
04/04/2011,26.83,27.0,25.23,25.83,2609300.0,0.0,1.0
04/05/2011,25.9,27.0,25.69,26.7,3180900.0,0.0,1.0
04/06/2011,26.99,27.01,25.8,26.49,1288300.0,0.0,1.0
04/07/2011,26.85,27.94,26.45,27.24,2810300.0,0.0,1.0
04/08/2011,27.58,27.6,26.36,26.49,1946400.0,0.0,1.0
04/11/2011,26.47,26.53,25.02,25.27,1369400.0,0.0,1.0
04/12/2011,25.08,25.21,24.3,24.65,1357400.0,0.0,1.0
04/13/2011,25.13,25.69,24.81,24.93,1211500.0,0.0,1.0
04/14/2011,24.87,25.28,24.2,25.14,983400.0,0.0,1.0
04/15/2011,25.65,26.18,25.41,25.58,943500.0,0.0,1.0
04/18/2011,25.13,25.62,24.36,25.03,1033900.0,0.0,1.0
04/19/2011,25.26,25.26,24.65,25.16,548700.0,0.0,1.0
04/20/2011,25.7,26.09,25.3,25.75,837200.0,0.0,1.0
04/21/2011,25.85,26.98,25.59,26.74,1386100.0,0.0,1.0
04/25/2011,26.7,26.73,25.97,26.39,800900.0,0.0,1.0
04/26/2011,26.66,27.25,26.31,26.93,1400000.0,0.0,1.0
04/27/2011,26.93,27.36,26.63,27.08,996900.0,0.0,1.0
04/28/2011,27.07,27.69,26.72,27.66,1600000.0,0.0,1.0
04/29/2011,27.69,27.87,27.42,27.6,726000.0,0.0,1.0
05/02/2011,27.6,27.8,27.06,27.45,784600.0,0.0,1.0
05/03/2011,27.38,27.39,26.5,26.87,913900.0,0.0,1.0
05/04/2011,26.78,27.0,25.75,26.69,1044500.0,0.0,1.0
05/05/2011,27.2,27.44,26.17,26.44,1218500.0,0.0,1.0
05/06/2011,26.9,27.7,26.62,27.12,981700.0,0.0,1.0
05/09/2011,27.0,28.0,26.85,27.91,916400.0,0.0,1.0
05/10/2011,28.24,28.95,27.91,28.33,1535300.0,0.0,1.0
05/11/2011,28.2,28.3,26.92,27.07,962500.0,0.0,1.0
05/12/2011,27.07,27.74,26.65,27.67,628000.0,0.0,1.0
05/13/2011,28.0,28.19,27.3,27.55,661500.0,0.0,1.0
05/16/2011,27.99,27.99,26.55,26.6,755700.0,0.0,1.0
05/17/2011,27.0,27.0,25.72,25.96,1234200.0,0.0,1.0
05/18/2011,26.1,26.47,25.52,26.35,729500.0,0.0,1.0
05/19/2011,27.03,28.44,26.6,28.2,2655100.0,0.0,1.0
05/20/2011,28.26,28.28,27.35,27.97,842500.0,0.0,1.0
05/23/2011,27.62,27.62,26.62,26.82,863600.0,0.0,1.0
05/24/2011,27.02,27.5,26.6,26.72,613700.0,0.0,1.0
05/25/2011,26.9,29.01,26.17,28.98,4693100.0,0.0,1.0
05/26/2011,28.82,29.76,28.1,29.48,3336900.0,0.0,1.0
05/27/2011,29.54,29.67,28.82,29.55,1687100.0,0.0,1.0
05/31/2011,29.69,30.28,29.55,30.14,3290500.0,0.0,1.0
06/01/2011,30.0,30.1,28.38,28.52,1529900.0,0.0,1.0
06/02/2011,28.52,29.32,28.51,28.76,986300.0,0.0,1.0
06/03/2011,29.95,31.5,29.5,30.13,6209200.0,0.0,1.0
06/06/2011,30.1,30.13,28.26,28.7,2331100.0,0.0,1.0
06/07/2011,28.94,29.39,28.26,28.37,1222100.0,0.0,1.0
06/08/2011,28.44,28.6,27.02,27.12,1695900.0,0.0,1.0
06/09/2011,27.43,28.1,27.1,27.62,1603200.0,0.0,1.0
06/10/2011,27.52,28.3,27.35,27.86,1566600.0,0.0,1.0
06/13/2011,28.07,28.88,27.88,28.43,1713400.0,0.0,1.0
06/14/2011,28.54,29.7,28.52,28.6,1573400.0,0.0,1.0
06/15/2011,28.44,28.45,27.07,27.32,1345000.0,0.0,1.0
06/16/2011,27.67,28.0,25.74,26.5,1842200.0,0.0,1.0
06/17/2011,26.87,27.7,26.14,26.5,1714000.0,0.0,1.0
06/20/2011,26.29,26.46,25.5,26.01,1537800.0,0.0,1.0
06/21/2011,26.24,27.73,26.0,27.53,1496000.0,0.0,1.0
06/22/2011,27.37,28.25,27.1,27.21,1475600.0,0.0,1.0
06/23/2011,27.2,27.72,26.21,27.71,1170000.0,0.0,1.0
06/24/2011,27.64,27.97,27.26,27.57,3608500.0,0.0,1.0
06/27/2011,27.73,28.28,27.31,27.46,1809400.0,0.0,1.0
06/28/2011,27.79,28.25,27.67,28.11,889200.0,0.0,1.0
06/29/2011,28.5,29.09,28.07,28.29,1461800.0,0.0,1.0
06/30/2011,28.5,29.33,28.4,29.13,946700.0,0.0,1.0
07/01/2011,29.07,29.6,28.8,29.02,854900.0,0.0,1.0
07/05/2011,29.02,29.52,28.71,29.14,996000.0,0.0,1.0
07/06/2011,29.14,29.14,28.55,28.96,926900.0,0.0,1.0
07/07/2011,29.14,30.0,29.01,29.73,1327900.0,0.0,1.0
07/08/2011,29.89,29.89,28.59,28.81,1240600.0,0.0,1.0
07/11/2011,28.4,28.53,28.0,28.35,975800.0,0.0,1.0
07/12/2011,28.37,29.09,28.0,28.17,1045400.0,0.0,1.0
07/13/2011,28.43,29.03,27.9,28.64,1066000.0,0.0,1.0
07/14/2011,28.53,28.96,27.25,27.61,1159000.0,0.0,1.0
07/15/2011,27.79,27.83,27.4,27.58,709000.0,0.0,1.0
07/18/2011,27.34,27.45,26.63,27.23,851900.0,0.0,1.0
07/19/2011,27.58,28.11,27.54,27.89,1026100.0,0.0,1.0
07/20/2011,28.0,30.44,27.8,28.69,3048300.0,0.0,1.0
07/21/2011,28.91,29.16,28.1,28.7,1011500.0,0.0,1.0
07/22/2011,28.7,29.54,28.55,29.29,583500.0,0.0,1.0
07/25/2011,29.01,29.25,28.44,28.49,673300.0,0.0,1.0
07/26/2011,28.31,28.77,27.97,28.0,760600.0,0.0,1.0
07/27/2011,28.5,28.5,27.51,27.64,958500.0,0.0,1.0
07/28/2011,27.6,28.55,27.54,28.17,938700.0,0.0,1.0
07/29/2011,27.8,28.4,27.5,28.17,948200.0,0.0,1.0
08/01/2011,28.67,28.98,28.21,28.77,1164900.0,0.0,1.0
08/02/2011,28.69,29.2,27.27,27.34,1549400.0,0.0,1.0
08/03/2011,27.5,27.83,26.34,27.2,1794500.0,0.0,1.0
08/04/2011,26.51,26.89,24.67,24.75,3064500.0,0.0,1.0
08/05/2011,24.99,25.38,22.83,24.24,1964400.0,0.0,1.0
08/08/2011,23.1,24.44,23.1,23.64,2608500.0,0.0,1.0
08/09/2011,24.15,25.45,23.7,25.06,1333400.0,0.0,1.0
08/10/2011,25.44,25.44,23.63,23.82,1564200.0,0.0,1.0
08/11/2011,24.04,25.75,24.0,25.3,836500.0,0.0,1.0
08/12/2011,25.6,27.14,25.36,26.31,1009100.0,0.0,1.0
08/15/2011,26.62,26.75,25.93,26.23,738600.0,0.0,1.0
08/16/2011,26.13,26.54,25.83,26.1,537700.0,0.0,1.0
08/17/2011,26.39,26.65,25.51,25.83,643700.0,0.0,1.0
08/18/2011,25.0,25.15,23.47,24.26,1056600.0,0.0,1.0
08/19/2011,23.86,24.22,22.0,22.3,1375300.0,0.0,1.0
08/22/2011,23.11,23.8,21.68,21.95,986100.0,0.0,1.0
08/23/2011,21.93,23.11,21.5,22.96,869000.0,0.0,1.0
08/24/2011,23.1,23.93,22.83,23.87,684300.0,0.0,1.0
08/25/2011,23.87,23.87,22.9,23.11,679800.0,0.0,1.0
08/26/2011,22.71,23.95,22.07,23.73,761800.0,0.0,1.0
08/29/2011,24.22,24.85,24.02,24.71,803400.0,0.0,1.0
08/30/2011,24.5,24.77,24.09,24.63,366200.0,0.0,1.0
08/31/2011,24.8,25.5,24.28,24.74,823800.0,0.0,1.0
09/01/2011,24.66,24.87,23.84,24.0,848100.0,0.0,1.0
09/02/2011,23.66,23.99,22.68,23.07,769900.0,0.0,1.0
09/06/2011,22.5,23.2,22.29,22.94,809800.0,0.0,1.0
09/07/2011,23.39,24.0,23.28,23.84,459200.0,0.0,1.0
09/08/2011,23.58,24.03,23.28,23.61,505700.0,0.0,1.0
09/09/2011,23.37,23.57,22.55,22.97,669300.0,0.0,1.0
09/12/2011,22.5,23.31,22.45,22.88,566600.0,0.0,1.0
09/13/2011,23.01,24.1,22.75,24.08,726500.0,0.0,1.0
09/14/2011,24.25,24.84,23.79,24.34,830800.0,0.0,1.0
09/15/2011,24.58,24.93,24.33,24.82,562600.0,0.0,1.0
09/16/2011,24.78,25.84,24.49,25.8,1417100.0,0.0,1.0
09/19/2011,24.95,25.81,23.82,25.77,1157400.0,0.0,1.0
09/20/2011,25.98,26.6,25.67,26.01,1180400.0,0.0,1.0
09/21/2011,25.95,26.95,25.7,25.85,987600.0,0.0,1.0
09/22/2011,25.64,26.11,24.88,25.63,775800.0,0.0,1.0
09/23/2011,25.49,26.62,25.35,26.38,1156400.0,0.0,1.0
09/26/2011,26.52,26.52,24.9,25.52,934800.0,0.0,1.0
09/27/2011,26.0,26.99,25.57,26.19,674500.0,0.0,1.0
09/28/2011,26.0,26.5,24.51,24.59,723300.0,0.0,1.0
09/29/2011,25.72,25.82,23.55,24.12,929600.0,0.0,1.0
09/30/2011,24.8,24.89,23.49,24.39,1336100.0,0.0,1.0
10/03/2011,24.95,25.0,23.25,23.73,1023200.0,0.0,1.0
10/04/2011,23.29,24.32,22.93,23.66,1200300.0,0.0,1.0
10/05/2011,24.03,25.84,23.35,25.37,1229500.0,0.0,1.0
10/06/2011,25.37,27.6,25.02,26.96,1769100.0,0.0,1.0
10/07/2011,26.98,27.6,26.05,26.99,1311600.0,0.0,1.0
10/10/2011,27.31,28.18,27.0,27.88,923500.0,0.0,1.0
10/11/2011,27.51,27.77,27.09,27.61,575700.0,0.0,1.0
10/12/2011,27.25,28.0,27.2,27.8,1123400.0,0.0,1.0
10/13/2011,27.63,28.47,27.44,27.94,1043500.0,0.0,1.0
10/14/2011,28.0,28.55,27.26,28.05,1400500.0,0.0,1.0
10/17/2011,27.86,28.0,27.26,27.42,754500.0,0.0,1.0
10/18/2011,27.3,28.43,26.71,28.34,999700.0,0.0,1.0
10/19/2011,28.02,28.06,27.3,27.57,792900.0,0.0,1.0
10/20/2011,27.44,27.47,27.0,27.34,999700.0,0.0,1.0
10/21/2011,27.4,28.3,27.01,28.03,1142600.0,0.0,1.0
10/24/2011,27.87,28.89,27.75,28.55,940600.0,0.0,1.0
10/25/2011,28.23,28.86,27.8,28.25,654400.0,0.0,1.0
10/26/2011,28.19,28.37,27.4,27.98,510500.0,0.0,1.0
10/27/2011,28.34,28.95,28.11,28.76,869400.0,0.0,1.0
10/28/2011,28.5,30.0,28.01,29.87,1264000.0,0.0,1.0
10/31/2011,29.5,29.51,28.75,29.37,1134000.0,0.0,1.0
11/01/2011,28.39,28.92,28.0,28.88,635200.0,0.0,1.0
11/02/2011,29.0,29.26,28.25,28.71,875300.0,0.0,1.0
11/03/2011,30.0,32.49,29.53,32.46,2509700.0,0.0,1.0
11/04/2011,31.46,32.4,30.51,32.31,3032900.0,0.0,1.0
11/07/2011,31.64,32.0,30.75,31.27,1266300.0,0.0,1.0
11/08/2011,31.37,32.0,30.72,31.84,1167900.0,0.0,1.0
11/09/2011,30.87,31.49,30.3,30.88,953700.0,0.0,1.0
11/10/2011,30.94,31.5,30.65,31.33,747300.0,0.0,1.0
11/11/2011,31.9,34.5,30.57,33.64,3868300.0,0.0,1.0
11/14/2011,33.0,33.54,32.62,33.22,1325700.0,0.0,1.0
11/15/2011,32.92,34.4,32.73,33.93,891000.0,0.0,1.0
11/16/2011,33.48,35.0,33.4,34.94,1833200.0,0.0,1.0
11/17/2011,34.5,34.9,33.19,33.68,1349300.0,0.0,1.0
11/18/2011,33.64,34.11,32.54,32.6,902800.0,0.0,1.0
11/21/2011,32.44,32.44,31.05,31.76,1031600.0,0.0,1.0
11/22/2011,31.76,32.79,31.05,32.07,732600.0,0.0,1.0
11/23/2011,31.76,32.05,31.25,31.45,451800.0,0.0,1.0
11/25/2011,31.55,32.41,31.08,31.66,239600.0,0.0,1.0
11/28/2011,32.0,33.28,31.81,32.56,681200.0,0.0,1.0
11/29/2011,32.49,33.07,31.63,31.75,591100.0,0.0,1.0
11/30/2011,32.5,32.93,32.22,32.74,760300.0,0.0,1.0
12/01/2011,32.57,33.99,31.98,32.6,1030200.0,0.0,1.0
12/02/2011,32.83,33.69,32.4,33.3,802800.0,0.0,1.0
12/05/2011,33.53,35.0,33.43,34.42,1160100.0,0.0,1.0
12/06/2011,34.2,34.98,34.03,34.87,951800.0,0.0,1.0
12/07/2011,34.63,34.89,33.8,34.19,674300.0,0.0,1.0
12/08/2011,30.84,31.65,29.61,30.89,3305800.0,0.0,1.0
12/09/2011,30.54,31.12,30.28,31.04,1239500.0,0.0,1.0
12/12/2011,30.44,30.62,30.02,30.41,758700.0,0.0,1.0
12/13/2011,30.57,30.93,28.91,29.45,994100.0,0.0,1.0
12/14/2011,29.5,29.68,28.0,28.53,1163900.0,0.0,1.0
12/15/2011,28.67,29.17,28.12,28.62,700300.0,0.0,1.0
12/16/2011,28.79,28.93,27.98,28.0,1029700.0,0.0,1.0
12/19/2011,28.09,28.5,27.37,27.75,987000.0,0.0,1.0
12/20/2011,28.05,28.45,27.72,27.9,843300.0,0.0,1.0
12/21/2011,27.91,28.07,26.03,27.57,1705500.0,0.0,1.0
12/22/2011,27.6,28.05,27.3,27.77,1009400.0,0.0,1.0
12/23/2011,28.0,28.0,27.52,27.9,591400.0,0.0,1.0
12/27/2011,27.66,28.77,27.64,28.57,777500.0,0.0,1.0
12/28/2011,28.99,29.24,28.04,28.51,575200.0,0.0,1.0
12/29/2011,28.59,29.34,28.55,28.73,488200.0,0.0,1.0
12/30/2011,28.49,28.98,28.25,28.56,339800.0,0.0,1.0
01/03/2012,28.94,29.5,27.65,28.08,928100.0,0.0,1.0
01/04/2012,28.21,28.67,27.5,27.71,630100.0,0.0,1.0
01/05/2012,27.76,27.93,26.85,27.12,1005500.0,0.0,1.0
01/06/2012,27.2,27.79,26.41,26.91,986300.0,0.0,1.0
01/09/2012,27.0,27.49,26.12,27.25,897000.0,0.0,1.0
01/10/2012,27.44,27.76,27.25,27.62,671800.0,0.0,1.0
01/11/2012,27.62,28.38,27.3,28.23,672300.0,0.0,1.0
01/12/2012,28.48,28.62,27.81,28.25,729300.0,0.0,1.0
01/13/2012,28.4,28.5,22.64,22.79,5500400.0,0.0,1.0
01/17/2012,26.62,27.34,26.41,26.6,4651600.0,0.0,1.0
01/18/2012,26.69,26.88,26.25,26.81,1260200.0,0.0,1.0
01/19/2012,27.19,27.74,26.61,26.76,1246300.0,0.0,1.0
01/20/2012,26.9,27.0,26.4,26.6,662300.0,0.0,1.0
01/23/2012,26.81,27.21,26.6,26.77,594600.0,0.0,1.0
01/24/2012,26.63,27.68,26.44,27.42,858000.0,0.0,1.0
01/25/2012,27.27,28.01,27.05,27.97,611200.0,0.0,1.0
01/26/2012,28.07,29.58,28.0,28.94,1271100.0,0.0,1.0
01/27/2012,28.5,29.72,28.5,29.33,748400.0,0.0,1.0
01/30/2012,29.49,29.61,28.53,29.57,729000.0,0.0,1.0
01/31/2012,29.9,30.0,28.87,29.07,956400.0,0.0,1.0
02/01/2012,29.07,29.7,29.0,29.58,523200.0,0.0,1.0
02/02/2012,29.72,30.88,29.61,30.25,805700.0,0.0,1.0
02/03/2012,30.41,31.33,30.25,31.15,764500.0,0.0,1.0
02/06/2012,31.1,31.9,31.05,31.8,652100.0,0.0,1.0
02/07/2012,31.8,31.8,30.82,31.6,1021600.0,0.0,1.0
02/08/2012,31.6,32.01,31.29,31.93,623700.0,0.0,1.0
02/09/2012,32.0,32.9,31.43,32.58,1277100.0,0.0,1.0
02/10/2012,32.26,32.27,29.84,31.1,1874200.0,0.0,1.0
02/13/2012,31.55,32.06,30.9,31.49,1157900.0,0.0,1.0
02/14/2012,31.74,33.79,31.4,33.17,1810800.0,0.0,1.0
02/15/2012,33.1,34.41,32.27,33.6,2761800.0,0.0,1.0
02/16/2012,33.5,34.51,32.54,34.18,2219700.0,0.0,1.0
02/17/2012,33.99,34.97,33.5,34.97,1376700.0,0.0,1.0
02/21/2012,34.87,34.87,33.81,34.5,1135800.0,0.0,1.0
02/22/2012,34.5,34.72,32.5,34.22,1654600.0,0.0,1.0
02/23/2012,33.99,34.97,33.56,34.53,820400.0,0.0,1.0
02/24/2012,34.23,34.52,33.27,33.75,959900.0,0.0,1.0
02/27/2012,33.41,34.0,33.0,33.62,606000.0,0.0,1.0
02/28/2012,33.64,34.44,33.17,33.81,612200.0,0.0,1.0
02/29/2012,33.81,34.12,33.14,33.41,535700.0,0.0,1.0
03/01/2012,33.51,34.5,33.31,34.41,703500.0,0.0,1.0
03/02/2012,34.4,34.5,33.71,34.04,550000.0,0.0,1.0
03/05/2012,34.35,34.4,33.46,33.77,467000.0,0.0,1.0
03/06/2012,33.25,33.28,32.62,33.11,573800.0,0.0,1.0
03/07/2012,33.12,33.31,32.91,33.12,364900.0,0.0,1.0
03/08/2012,33.11,33.49,33.04,33.07,633300.0,0.0,1.0
03/09/2012,33.2,35.31,33.2,34.74,1553400.0,0.0,1.0
03/12/2012,34.69,36.29,34.6,36.01,1963300.0,0.0,1.0
03/13/2012,36.51,36.59,35.5,36.09,1001600.0,0.0,1.0
03/14/2012,36.0,36.0,34.8,35.29,851500.0,0.0,1.0
03/15/2012,35.28,35.48,34.78,35.0,571600.0,0.0,1.0
03/16/2012,34.9,35.89,34.83,35.32,729300.0,0.0,1.0
03/19/2012,35.26,35.32,34.54,34.98,1015600.0,0.0,1.0
03/20/2012,34.98,35.2,34.57,34.96,567000.0,0.0,1.0
03/21/2012,34.94,35.3,34.6,35.15,607200.0,0.0,1.0
03/22/2012,34.97,35.15,34.3,34.4,522400.0,0.0,1.0
03/23/2012,34.26,34.63,33.15,34.08,1170600.0,0.0,1.0
03/26/2012,35.59,38.09,35.04,37.4,3140500.0,0.0,1.0
03/27/2012,37.16,39.95,37.03,37.94,2539200.0,0.0,1.0
03/28/2012,37.78,38.44,37.11,37.85,955000.0,0.0,1.0
03/29/2012,38.19,38.19,37.03,37.33,796400.0,0.0,1.0
03/30/2012,37.52,37.94,36.68,37.24,886400.0,0.0,1.0
04/02/2012,37.33,37.97,36.53,36.58,1028600.0,0.0,1.0
04/03/2012,36.7,38.47,36.67,38.01,1098100.0,0.0,1.0
04/04/2012,35.27,35.49,34.69,35.0,4481800.0,0.0,1.0
04/05/2012,35.1,35.44,34.41,34.48,1509400.0,0.0,1.0
04/09/2012,34.1,34.29,33.1,33.15,1655700.0,0.0,1.0
04/10/2012,33.15,33.85,32.1,32.46,1847700.0,0.0,1.0
04/11/2012,33.24,33.29,32.01,33.09,1105500.0,0.0,1.0
04/12/2012,33.77,34.48,32.92,33.44,1033900.0,0.0,1.0
04/13/2012,33.94,34.04,32.85,33.59,649600.0,0.0,1.0
04/16/2012,33.41,33.7,32.09,32.25,1099600.0,0.0,1.0
04/17/2012,32.43,33.07,32.04,32.24,1115500.0,0.0,1.0
04/18/2012,32.09,32.75,31.53,32.66,823100.0,0.0,1.0
04/19/2012,32.75,33.43,32.5,33.16,774900.0,0.0,1.0
04/20/2012,33.14,33.73,32.94,33.16,821800.0,0.0,1.0
04/23/2012,32.86,32.97,31.71,31.94,890800.0,0.0,1.0
04/24/2012,31.82,32.2,31.0,31.82,674500.0,0.0,1.0
04/25/2012,32.07,32.99,32.07,32.91,712200.0,0.0,1.0
04/26/2012,32.96,33.52,32.91,33.49,425300.0,0.0,1.0
04/27/2012,33.6,33.63,32.91,33.34,591000.0,0.0,1.0
04/30/2012,33.27,33.36,32.58,33.13,413900.0,0.0,1.0
05/01/2012,33.13,34.21,33.13,33.78,659000.0,0.0,1.0
05/02/2012,33.5,34.39,33.39,33.94,497300.0,0.0,1.0
05/03/2012,33.91,34.0,32.13,32.46,841300.0,0.0,1.0
05/04/2012,32.32,32.46,31.4,31.83,1247500.0,0.0,1.0
05/07/2012,31.96,32.58,31.61,32.47,1158000.0,0.0,1.0
05/08/2012,32.5,32.73,29.37,30.19,3097200.0,0.0,1.0
05/09/2012,30.3,30.77,29.76,30.06,1947900.0,0.0,1.0
05/10/2012,32.97,34.68,32.4,32.96,5556300.0,0.0,1.0
05/11/2012,32.49,33.44,32.16,32.25,1221300.0,0.0,1.0
05/14/2012,31.92,32.13,30.05,30.06,1380900.0,0.0,1.0
05/15/2012,30.26,30.96,29.22,29.43,1585700.0,0.0,1.0
05/16/2012,29.58,30.18,28.88,29.18,1257100.0,0.0,1.0
05/17/2012,29.3,29.79,28.24,28.57,1149000.0,0.0,1.0
05/18/2012,28.37,28.46,26.83,27.56,1616500.0,0.0,1.0
05/21/2012,27.58,29.26,27.12,28.77,1475200.0,0.0,1.0
05/22/2012,30.1,31.34,30.0,30.8,2366200.0,0.0,1.0
05/23/2012,30.56,31.05,29.5,31.02,1220400.0,0.0,1.0
05/24/2012,31.25,31.25,29.69,30.28,1075600.0,0.0,1.0
05/25/2012,30.16,30.41,29.2,29.81,757000.0,0.0,1.0
05/29/2012,30.01,31.93,30.01,31.69,1650000.0,0.0,1.0
05/30/2012,31.08,31.42,30.24,30.41,1307200.0,0.0,1.0
05/31/2012,30.07,30.29,28.75,29.5,1118700.0,0.0,1.0
06/01/2012,28.53,29.16,27.76,28.15,885800.0,0.0,1.0
06/04/2012,28.03,28.41,27.11,27.88,1030900.0,0.0,1.0
06/05/2012,27.84,28.39,27.56,27.91,630900.0,0.0,1.0
06/06/2012,28.2,29.45,28.14,29.22,909900.0,0.0,1.0
06/07/2012,29.81,29.87,28.85,28.93,492100.0,0.0,1.0
06/08/2012,28.86,30.19,28.15,30.08,881100.0,0.0,1.0
06/11/2012,30.31,31.0,28.96,29.12,636000.0,0.0,1.0
06/12/2012,29.23,29.84,28.81,29.66,569000.0,0.0,1.0
06/13/2012,29.55,30.64,29.47,29.77,844100.0,0.0,1.0
06/14/2012,30.18,30.65,28.62,29.39,872200.0,0.0,1.0
06/15/2012,29.39,29.95,28.81,29.91,646800.0,0.0,1.0
06/18/2012,29.94,32.33,29.5,31.84,1256800.0,0.0,1.0
06/19/2012,32.02,32.66,31.5,32.09,911100.0,0.0,1.0
06/20/2012,33.5,34.5,33.21,33.78,3422400.0,0.0,1.0
06/21/2012,34.26,34.28,31.84,32.19,1891900.0,0.0,1.0
06/22/2012,32.6,33.98,32.46,33.79,3046600.0,0.0,1.0
06/25/2012,33.94,34.12,32.75,33.11,1498500.0,0.0,1.0
06/26/2012,32.05,32.35,31.39,31.61,2613900.0,0.0,1.0
06/27/2012,31.9,32.45,31.57,31.96,1047200.0,0.0,1.0
06/28/2012,31.9,32.11,30.62,31.41,914100.0,0.0,1.0
06/29/2012,32.8,32.8,31.0,31.29,1125800.0,0.0,1.0
07/02/2012,31.35,31.8,30.19,30.4,1315600.0,0.0,1.0
07/03/2012,30.6,31.0,30.4,30.66,947000.0,0.0,1.0
07/05/2012,30.81,31.67,30.8,31.23,1253800.0,0.0,1.0
07/06/2012,30.99,31.73,30.8,30.99,784500.0,0.0,1.0
07/09/2012,30.94,31.83,30.67,31.49,910500.0,0.0,1.0
07/10/2012,31.54,32.48,30.89,31.27,758400.0,0.0,1.0
07/11/2012,31.57,31.68,31.01,31.51,638600.0,0.0,1.0
07/12/2012,31.29,33.01,30.8,32.7,1125700.0,0.0,1.0
07/13/2012,32.97,34.4,32.83,34.25,1304800.0,0.0,1.0
07/16/2012,34.32,36.0,33.9,35.96,1744000.0,0.0,1.0
07/17/2012,35.0,35.21,32.38,33.35,2569300.0,0.0,1.0
07/18/2012,31.42,33.67,31.06,32.15,2881900.0,0.0,1.0
07/19/2012,32.72,33.15,32.04,32.27,1435900.0,0.0,1.0
07/20/2012,32.07,32.25,31.25,31.79,1568500.0,0.0,1.0
07/23/2012,31.05,31.3,30.62,30.66,1386800.0,0.0,1.0
07/24/2012,30.66,31.04,29.62,29.84,1500300.0,0.0,1.0
07/25/2012,29.92,29.98,28.75,28.95,2842200.0,0.0,1.0
07/26/2012,29.9,30.0,27.64,28.13,2262300.0,0.0,1.0
07/27/2012,28.71,29.66,28.1,29.51,1673000.0,0.0,1.0
07/30/2012,29.51,30.25,27.21,27.35,2065200.0,0.0,1.0
07/31/2012,27.54,27.97,27.35,27.42,1575100.0,0.0,1.0
08/01/2012,27.99,27.99,26.03,26.25,1592300.0,0.0,1.0
08/02/2012,26.84,26.85,25.52,26.1,1305100.0,0.0,1.0
08/03/2012,26.9,27.55,26.74,27.27,1209500.0,0.0,1.0
08/06/2012,27.55,28.7,27.55,28.27,1528200.0,0.0,1.0
08/07/2012,28.77,30.9,28.5,30.25,2387200.0,0.0,1.0
08/08/2012,29.9,30.0,28.59,29.09,1308900.0,0.0,1.0
08/09/2012,29.52,30.0,29.13,29.41,672600.0,0.0,1.0
08/10/2012,29.31,29.94,29.31,29.94,707400.0,0.0,1.0
08/13/2012,29.69,31.3,29.1,31.17,870100.0,0.0,1.0
08/14/2012,30.75,31.17,29.26,29.42,793400.0,0.0,1.0
08/15/2012,29.39,29.7,28.81,29.4,525400.0,0.0,1.0
08/16/2012,29.53,30.39,29.5,30.3,669000.0,0.0,1.0
08/17/2012,30.29,30.71,29.98,30.01,508200.0,0.0,1.0
08/20/2012,30.15,30.39,29.1,29.51,1179100.0,0.0,1.0
08/21/2012,29.58,30.0,29.0,29.11,761600.0,0.0,1.0
08/22/2012,29.01,30.04,29.01,29.95,775500.0,0.0,1.0
08/23/2012,30.0,30.85,29.65,30.73,1471000.0,0.0,1.0
08/24/2012,30.06,30.24,29.41,29.5,1429400.0,0.0,1.0
08/27/2012,29.57,29.7,28.17,28.32,1350400.0,0.0,1.0
08/28/2012,28.4,29.38,28.0,28.69,1402700.0,0.0,1.0
08/29/2012,28.49,28.64,28.02,28.41,838900.0,0.0,1.0
08/30/2012,28.6,28.74,28.1,28.41,656400.0,0.0,1.0
08/31/2012,28.61,28.84,28.2,28.52,539800.0,0.0,1.0
09/04/2012,28.52,28.99,27.9,28.14,752500.0,0.0,1.0
09/05/2012,28.01,28.5,27.81,27.94,639300.0,0.0,1.0
09/06/2012,28.0,28.9,27.9,28.55,841700.0,0.0,1.0
09/07/2012,28.55,29.57,28.5,29.35,953200.0,0.0,1.0
09/10/2012,29.2,29.35,27.3,27.37,1483300.0,0.0,1.0
09/11/2012,27.76,28.16,27.4,27.8,1014900.0,0.0,1.0
09/12/2012,27.9,28.58,27.8,28.28,1145200.0,0.0,1.0
09/13/2012,28.57,29.5,28.48,29.48,1484700.0,0.0,1.0
09/14/2012,30.0,30.65,29.65,30.39,1536600.0,0.0,1.0
09/17/2012,32.35,32.78,31.51,32.54,3212800.0,0.0,1.0
09/18/2012,31.88,31.9,30.68,31.34,1788500.0,0.0,1.0
09/19/2012,31.0,31.74,30.94,31.05,1048500.0,0.0,1.0
09/20/2012,30.93,31.5,30.68,30.9,912400.0,0.0,1.0
09/21/2012,31.1,31.49,29.54,30.02,1870000.0,0.0,1.0
09/24/2012,29.51,31.03,29.4,30.66,1301900.0,0.0,1.0
09/25/2012,28.62,29.48,27.53,27.66,5680400.0,0.0,1.0
09/26/2012,27.66,28.4,27.48,27.54,1527200.0,0.0,1.0
09/27/2012,27.82,28.54,27.6,28.49,1758600.0,0.0,1.0
09/28/2012,28.73,29.89,28.61,29.28,4343400.0,0.0,1.0
10/01/2012,29.5,29.89,29.0,29.16,884400.0,0.0,1.0
10/02/2012,29.28,29.89,29.0,29.8,729000.0,0.0,1.0
10/03/2012,29.75,29.95,29.24,29.3,1052800.0,0.0,1.0
10/04/2012,30.0,30.1,28.65,29.4,1541300.0,0.0,1.0
10/05/2012,29.7,29.81,28.68,28.89,938600.0,0.0,1.0
10/08/2012,28.86,29.4,28.61,29.25,889700.0,0.0,1.0
10/09/2012,29.12,29.12,28.25,28.37,1193000.0,0.0,1.0
10/10/2012,28.39,28.72,28.01,28.4,503600.0,0.0,1.0
10/11/2012,28.94,28.98,28.25,28.32,450600.0,0.0,1.0
10/12/2012,28.32,28.73,27.5,27.64,987600.0,0.0,1.0
10/15/2012,28.02,28.05,26.86,27.33,1468700.0,0.0,1.0
10/16/2012,27.67,28.09,27.34,28.06,479300.0,0.0,1.0
10/17/2012,28.25,28.84,27.8,28.82,668000.0,0.0,1.0
10/18/2012,28.99,28.99,27.78,28.04,741000.0,0.0,1.0
10/19/2012,27.83,28.2,27.3,27.74,1027400.0,0.0,1.0
10/22/2012,27.99,28.0,27.36,27.85,470200.0,0.0,1.0
10/23/2012,27.38,28.56,27.37,28.39,749000.0,0.0,1.0
10/24/2012,28.52,28.52,27.25,27.42,1016400.0,0.0,1.0
10/25/2012,27.8,27.8,27.45,27.52,577700.0,0.0,1.0
10/26/2012,27.53,27.8,27.02,27.38,477400.0,0.0,1.0
10/31/2012,27.7,28.35,27.37,28.13,775200.0,0.0,1.0
11/01/2012,28.25,29.49,28.2,29.25,1024100.0,0.0,1.0
11/02/2012,29.27,29.55,28.55,28.92,1030300.0,0.0,1.0
11/05/2012,29.8,31.58,29.33,31.5,2048900.0,0.0,1.0
11/06/2012,30.61,31.2,29.95,31.15,2324000.0,0.0,1.0
11/07/2012,31.0,32.05,30.81,31.54,1714500.0,0.0,1.0
11/08/2012,31.01,31.88,30.94,31.31,1274000.0,0.0,1.0
11/09/2012,30.6,30.93,29.85,30.32,863000.0,0.0,1.0
11/12/2012,30.29,31.42,30.16,31.07,555900.0,0.0,1.0
11/13/2012,31.29,32.0,30.72,31.61,998300.0,0.0,1.0
11/14/2012,31.96,32.12,31.2,31.38,871300.0,0.0,1.0
11/15/2012,31.3,31.44,30.5,30.82,984000.0,0.0,1.0
11/16/2012,31.15,32.0,30.59,31.84,908700.0,0.0,1.0
11/19/2012,32.07,33.25,31.84,32.92,1392400.0,0.0,1.0
11/20/2012,32.8,33.1,31.91,33.0,922500.0,0.0,1.0
11/21/2012,32.61,33.47,32.29,32.47,963200.0,0.0,1.0
11/23/2012,32.6,32.83,31.7,32.13,430300.0,0.0,1.0
11/26/2012,32.1,32.3,31.62,32.27,495800.0,0.0,1.0
11/27/2012,32.13,32.66,31.52,32.15,910800.0,0.0,1.0
11/28/2012,32.0,34.29,31.91,33.23,1525200.0,0.0,1.0
11/29/2012,33.44,34.0,32.87,33.69,1103400.0,0.0,1.0
11/30/2012,33.63,34.28,33.01,33.82,1420300.0,0.0,1.0
12/03/2012,33.89,35.0,33.5,34.62,2085700.0,0.0,1.0
12/04/2012,34.08,34.8,33.55,33.9,1263300.0,0.0,1.0
12/05/2012,33.82,34.19,33.58,33.71,661500.0,0.0,1.0
12/06/2012,33.82,34.8,33.5,33.9,660400.0,0.0,1.0
12/07/2012,34.3,34.49,33.85,34.17,664400.0,0.0,1.0
12/10/2012,34.43,34.8,34.18,34.57,929800.0,0.0,1.0
12/11/2012,34.6,35.5,34.46,35.28,1572600.0,0.0,1.0
12/12/2012,35.21,35.8,34.95,35.26,2063800.0,0.0,1.0
12/13/2012,35.26,35.3,32.75,33.61,2151300.0,0.0,1.0
12/14/2012,33.78,34.4,33.59,33.81,1023000.0,0.0,1.0
12/17/2012,33.77,34.5,33.75,34.4,824900.0,0.0,1.0
12/18/2012,34.26,35.07,34.26,34.59,1553900.0,0.0,1.0
12/19/2012,34.75,35.26,34.52,34.61,1298800.0,0.0,1.0
12/20/2012,34.51,34.79,34.05,34.43,921200.0,0.0,1.0
12/21/2012,33.94,34.17,33.58,34.0,1492400.0,0.0,1.0
12/24/2012,33.64,34.35,33.55,34.28,375800.0,0.0,1.0
12/26/2012,33.96,34.5,33.5,33.59,601400.0,0.0,1.0
12/27/2012,33.5,33.91,33.0,33.69,561100.0,0.0,1.0
12/28/2012,33.38,33.65,33.02,33.22,414100.0,0.0,1.0
12/31/2012,33.0,33.97,33.0,33.87,594900.0,0.0,1.0
01/02/2013,35.0,35.45,34.71,35.36,1194800.0,0.0,1.0
01/03/2013,35.18,35.45,34.75,34.77,742000.0,0.0,1.0
01/04/2013,34.8,34.8,33.92,34.4,674000.0,0.0,1.0
01/07/2013,34.8,34.8,33.9,34.34,442000.0,0.0,1.0
01/08/2013,34.5,34.5,33.11,33.68,1284000.0,0.0,1.0
01/09/2013,34.01,34.19,33.4,33.64,698000.0,0.0,1.0
01/10/2013,33.87,33.99,33.38,33.53,922500.0,0.0,1.0
01/11/2013,34.04,34.04,32.11,32.91,1563200.0,0.0,1.0
01/14/2013,33.08,33.38,32.85,33.26,925100.0,0.0,1.0
01/15/2013,33.11,34.25,33.08,33.9,1624200.0,0.0,1.0
01/16/2013,33.85,34.23,33.73,34.1,1378200.0,0.0,1.0
01/17/2013,34.16,34.85,33.92,34.38,1436700.0,0.0,1.0
01/18/2013,34.74,34.78,33.82,34.52,3555100.0,0.0,1.0
01/22/2013,34.56,35.55,34.26,35.19,1920200.0,0.0,1.0
01/23/2013,35.02,36.24,34.96,36.0,1564300.0,0.0,1.0
01/24/2013,36.0,37.72,35.84,36.99,1970400.0,0.0,1.0
01/25/2013,37.0,37.54,36.8,36.98,1287800.0,0.0,1.0
01/28/2013,36.86,38.71,36.86,38.03,1986000.0,0.0,1.0
01/29/2013,38.1,38.44,37.13,37.95,1426600.0,0.0,1.0
01/30/2013,37.85,38.0,37.43,37.52,968100.0,0.0,1.0
01/31/2013,37.87,37.87,36.93,37.51,901400.0,0.0,1.0
02/01/2013,38.17,38.5,37.62,38.3,1100600.0,0.0,1.0
02/04/2013,38.4,38.42,37.59,37.74,1128000.0,0.0,1.0
02/05/2013,38.0,38.65,37.68,38.13,1310200.0,0.0,1.0
02/06/2013,38.18,39.39,37.9,39.17,1893200.0,0.0,1.0
02/07/2013,39.19,39.68,38.95,39.48,1196600.0,0.0,1.0
02/08/2013,39.45,40.0,39.14,39.24,1139800.0,0.0,1.0
02/11/2013,37.98,39.15,37.5,38.42,3266200.0,0.0,1.0
02/12/2013,38.45,38.87,37.29,37.89,2261300.0,0.0,1.0
02/13/2013,38.3,39.0,38.05,38.45,966800.0,0.0,1.0
02/14/2013,38.64,38.75,38.21,38.27,990700.0,0.0,1.0
02/15/2013,38.5,38.51,36.95,37.04,2017600.0,0.0,1.0
02/19/2013,37.36,39.29,37.31,39.28,2701400.0,0.0,1.0
02/20/2013,39.3,39.65,38.46,38.54,3122000.0,0.0,1.0
02/21/2013,36.49,37.39,34.54,35.16,9037800.0,0.0,1.0
02/22/2013,35.72,36.39,35.6,36.11,2547300.0,0.0,1.0
02/25/2013,36.15,36.75,34.34,34.38,2889400.0,0.0,1.0
02/26/2013,34.46,34.96,33.8,34.43,2762900.0,0.0,1.0
02/27/2013,34.41,35.41,34.4,35.1,1959200.0,0.0,1.0
02/28/2013,35.89,36.1,34.37,34.83,1964900.0,0.0,1.0
03/01/2013,35.0,35.08,34.25,34.65,1546600.0,0.0,1.0
03/04/2013,34.77,35.83,34.7,35.58,1757700.0,0.0,1.0
03/05/2013,36.0,36.92,35.79,36.65,2087000.0,0.0,1.0
03/06/2013,37.01,37.88,36.97,37.69,1150000.0,0.0,1.0
03/07/2013,37.73,38.65,36.88,38.23,1158300.0,0.0,1.0
03/08/2013,38.06,39.44,37.36,38.47,912100.0,0.0,1.0
03/11/2013,38.87,39.44,38.65,39.1,1579500.0,0.0,1.0
03/12/2013,38.9,39.38,38.85,39.12,1275100.0,0.0,1.0
03/13/2013,39.0,39.49,38.81,38.98,822000.0,0.0,1.0
03/14/2013,38.9,38.91,36.77,36.85,2021000.0,0.0,1.0
03/15/2013,36.64,36.65,35.21,35.29,3279600.0,0.0,1.0
03/18/2013,35.3,36.06,34.92,35.15,1316100.0,0.0,1.0
03/19/2013,35.25,35.6,34.94,35.08,1098500.0,0.0,1.0
03/20/2013,35.26,36.07,35.16,35.95,1423000.0,0.0,1.0
03/21/2013,35.95,37.06,35.74,36.01,1146300.0,0.0,1.0
03/22/2013,36.2,36.8,36.2,36.62,440200.0,0.0,1.0
03/25/2013,37.1,38.52,36.77,37.53,2378800.0,0.0,1.0
03/26/2013,37.98,38.22,37.66,37.86,1808200.0,0.0,1.0
03/27/2013,37.94,38.38,37.31,38.16,1296300.0,0.0,1.0
03/28/2013,38.23,38.24,37.75,37.89,1158700.0,0.0,1.0
04/01/2013,42.36,46.68,41.7,43.93,14098500.0,0.0,1.0
04/02/2013,43.6,45.5,43.51,44.34,6652400.0,0.0,1.0
04/03/2013,43.1,43.47,40.21,41.1,5643600.0,0.0,1.0
04/04/2013,41.11,42.25,40.81,42.01,2264800.0,0.0,1.0
04/05/2013,42.0,42.0,40.5,41.37,1552400.0,0.0,1.0
04/08/2013,41.97,42.55,41.51,41.83,1679000.0,0.0,1.0
04/09/2013,41.8,41.83,40.33,40.5,1696100.0,0.0,1.0
04/10/2013,40.7,42.01,40.61,41.86,2121100.0,0.0,1.0
04/11/2013,42.06,44.55,41.75,43.59,3447400.0,0.0,1.0
04/12/2013,43.25,45.14,43.05,43.75,3149400.0,0.0,1.0
04/15/2013,43.5,43.8,42.51,43.3,1681400.0,0.0,1.0
04/16/2013,44.19,46.14,43.91,45.59,3180400.0,0.0,1.0
04/17/2013,45.5,45.95,44.54,45.45,2118500.0,0.0,1.0
04/18/2013,45.98,47.6,45.39,46.97,3367900.0,0.0,1.0
04/19/2013,47.46,49.88,47.07,47.83,3011700.0,0.0,1.0
04/22/2013,48.6,50.2,47.75,50.19,3939400.0,0.0,1.0
04/23/2013,51.0,52.92,50.66,51.01,3733800.0,0.0,1.0
04/24/2013,50.9,51.05,48.98,50.43,2630000.0,0.0,1.0
04/25/2013,50.5,52.4,50.5,52.0,2795900.0,0.0,1.0
04/26/2013,53.13,53.74,50.62,51.2,3622100.0,0.0,1.0
04/29/2013,51.76,54.99,51.2,54.94,3639700.0,0.0,1.0
04/30/2013,56.0,58.18,53.76,53.99,5522600.0,0.0,1.0
05/01/2013,55.99,55.99,53.0,53.28,2742800.0,0.0,1.0
05/02/2013,53.85,55.27,53.7,54.11,3050400.0,0.0,1.0
05/03/2013,56.47,56.47,54.5,54.55,3378700.0,0.0,1.0
05/06/2013,56.39,59.66,55.5,59.5,4366700.0,0.0,1.0
05/07/2013,62.0,62.37,55.12,55.51,9991000.0,0.0,1.0
05/08/2013,57.5,58.2,55.71,55.79,6769900.0,0.0,1.0
05/09/2013,70.12,75.77,63.69,69.4,28605000.0,0.0,1.0
05/10/2013,69.65,81.0,69.25,76.76,25082600.0,0.0,1.0
05/13/2013,80.99,88.0,79.15,87.8,22416900.0,0.0,1.0
05/14/2013,94.22,97.12,81.15,83.24,37163900.0,0.0,1.0
05/15/2013,81.8,86.88,78.11,84.84,16878700.0,0.0,1.0
05/16/2013,94.7,95.0,88.66,92.25,21614000.0,0.0,1.0
05/17/2013,92.5,94.44,87.5,91.5,19002200.0,0.0,1.0
05/20/2013,91.12,92.5,88.63,89.94,8348400.0,0.0,1.0
05/21/2013,88.5,89.99,85.28,87.59,8998200.0,0.0,1.0
05/22/2013,86.37,90.96,85.5,87.24,8568000.0,0.0,1.0
05/23/2013,84.81,93.01,83.05,92.73,12022200.0,0.0,1.0
05/24/2013,92.6,97.95,92.0,97.08,16124200.0,0.0,1.0
05/28/2013,101.55,110.75,100.3,110.33,19691900.0,0.0,1.0
05/29/2013,113.55,114.9,99.0,104.63,25099500.0,0.0,1.0
05/30/2013,102.46,109.54,101.2,104.95,16133700.0,0.0,1.0
05/31/2013,106.26,106.44,97.73,97.76,15172000.0,0.0,1.0
06/03/2013,97.62,97.62,88.25,92.59,19139600.0,0.0,1.0
06/04/2013,92.75,96.42,92.4,94.84,8856100.0,0.0,1.0
06/05/2013,93.66,97.97,89.11,95.37,12224800.0,0.0,1.0
06/06/2013,95.25,99.27,95.11,97.35,9510900.0,0.0,1.0
06/07/2013,98.0,102.9,96.7,102.04,10711600.0,0.0,1.0
06/10/2013,98.93,102.52,98.57,100.05,9228600.0,0.0,1.0
06/11/2013,98.18,98.68,94.05,94.47,7394000.0,0.0,1.0
06/12/2013,96.8,100.48,95.75,97.73,9192700.0,0.0,1.0
06/13/2013,99.0,99.28,95.12,98.18,5961600.0,0.0,1.0
06/14/2013,100.0,102.52,99.33,100.3,6564700.0,0.0,1.0
06/17/2013,103.6,104.75,101.2,102.2,7066200.0,0.0,1.0
06/18/2013,101.75,103.98,99.2,103.39,8795300.0,0.0,1.0
06/19/2013,102.06,106.67,102.01,104.68,8578900.0,0.0,1.0
06/20/2013,104.65,107.13,99.45,100.65,10106500.0,0.0,1.0
06/21/2013,103.7,103.7,97.5,99.55,11718600.0,0.0,1.0
06/24/2013,96.5,102.87,95.3,101.49,7119800.0,0.0,1.0
06/25/2013,103.1,104.2,100.55,102.4,5848700.0,0.0,1.0
06/26/2013,103.8,105.87,102.66,105.72,6602600.0,0.0,1.0
06/27/2013,106.75,110.25,106.13,109.25,8744900.0,0.0,1.0
06/28/2013,108.57,109.44,106.71,107.36,5748600.0,0.0,1.0
07/01/2013,109.36,117.77,109.15,117.18,10903600.0,0.0,1.0
07/02/2013,118.25,121.89,115.5,117.82,12064100.0,0.0,1.0
07/03/2013,118.0,119.25,114.27,115.24,4806700.0,0.0,1.0
07/05/2013,118.32,120.28,115.7,120.09,6818700.0,0.0,1.0
07/08/2013,121.37,122.18,118.82,121.61,7814200.0,0.0,1.0
07/09/2013,124.64,125.32,121.91,123.45,8603300.0,0.0,1.0
07/10/2013,123.19,123.25,120.79,122.27,5600100.0,0.0,1.0
07/11/2013,124.88,126.09,122.35,125.61,7483600.0,0.0,1.0
07/12/2013,125.5,129.94,124.51,129.9,11344000.0,0.0,1.0
07/15/2013,133.03,133.26,126.82,127.26,9922400.0,0.0,1.0
07/16/2013,126.28,126.32,107.3,109.05,32371900.0,0.0,1.0
07/17/2013,106.52,121.62,104.5,120.25,26029000.0,0.0,1.0
07/18/2013,120.97,122.73,116.18,119.03,11398100.0,0.0,1.0
07/19/2013,118.5,120.55,116.51,119.68,5890300.0,0.0,1.0
07/22/2013,119.89,126.68,119.88,122.43,9797800.0,0.0,1.0
07/23/2013,124.0,125.56,121.82,122.74,7736400.0,0.0,1.0
07/24/2013,124.47,124.5,119.56,121.7,6869000.0,0.0,1.0
07/25/2013,120.4,124.75,120.19,124.07,5284300.0,0.0,1.0
07/26/2013,128.14,130.68,126.61,129.39,9633100.0,0.0,1.0
07/29/2013,129.32,135.37,128.25,134.62,9678900.0,0.0,1.0
07/30/2013,134.8,137.49,128.18,131.74,13127000.0,0.0,1.0
07/31/2013,132.57,134.97,131.45,134.28,6351700.0,0.0,1.0
08/01/2013,135.0,136.52,132.63,135.55,5323600.0,0.0,1.0
08/02/2013,134.59,138.25,133.61,138.0,6269900.0,0.0,1.0
08/05/2013,140.01,144.89,139.65,144.68,10200700.0,0.0,1.0
08/06/2013,144.75,145.73,141.1,142.15,9254500.0,0.0,1.0
08/07/2013,141.89,141.95,132.36,134.23,18212200.0,0.0,1.0
08/08/2013,154.35,158.88,150.46,153.48,27246800.0,0.0,1.0
08/09/2013,152.4,155.95,151.25,153.0,8927700.0,0.0,1.0
08/12/2013,149.43,150.5,142.05,147.38,14912200.0,0.0,1.0
08/13/2013,149.5,149.84,144.45,145.43,8748900.0,0.0,1.0
08/14/2013,142.72,144.84,138.05,139.36,11693800.0,0.0,1.0
08/15/2013,136.43,143.6,135.0,139.67,10179200.0,0.0,1.0
08/16/2013,141.63,143.91,140.97,142.0,7108100.0,0.0,1.0
08/19/2013,143.43,147.38,142.83,144.9,8037700.0,0.0,1.0
08/20/2013,148.65,149.78,147.0,149.58,6418200.0,0.0,1.0
08/21/2013,150.0,150.31,146.25,147.86,6266300.0,0.0,1.0
08/22/2013,149.22,157.48,148.14,157.1,10592400.0,0.0,1.0
08/23/2013,157.0,162.3,155.0,161.84,12931900.0,0.0,1.0
08/26/2013,165.15,173.0,160.25,164.22,24171100.0,0.0,1.0
08/27/2013,162.3,168.8,160.95,167.01,17566900.0,0.0,1.0
08/28/2013,169.06,171.5,163.25,166.45,14740100.0,0.0,1.0
08/29/2013,164.22,167.75,162.51,166.06,9436000.0,0.0,1.0
08/30/2013,166.37,169.21,163.96,169.0,11028400.0,0.0,1.0
09/03/2013,173.4,173.7,166.4,168.94,12061100.0,0.0,1.0
09/04/2013,169.77,171.62,165.56,170.62,11475700.0,0.0,1.0
09/05/2013,170.1,171.5,168.25,169.93,6685300.0,0.0,1.0
09/06/2013,168.57,169.7,165.15,166.97,8619700.0,0.0,1.0
09/09/2013,163.12,164.5,158.51,160.7,14344500.0,0.0,1.0
09/10/2013,161.45,167.5,160.63,166.37,8967800.0,0.0,1.0
09/11/2013,166.41,167.9,162.13,163.52,5832500.0,0.0,1.0
09/12/2013,164.0,166.76,160.51,164.93,6160000.0,0.0,1.0
09/13/2013,162.77,166.37,162.16,165.54,5401200.0,0.0,1.0
09/16/2013,168.0,170.85,165.85,166.58,7574900.0,0.0,1.0
09/17/2013,165.08,168.42,163.36,166.23,5496900.0,0.0,1.0
09/18/2013,167.07,167.45,164.2,166.22,5439700.0,0.0,1.0
09/19/2013,170.8,180.47,169.08,177.92,15594600.0,0.0,1.0
09/20/2013,178.9,185.83,178.56,183.39,13401700.0,0.0,1.0
09/23/2013,184.48,185.48,177.11,181.11,8173400.0,0.0,1.0
09/24/2013,179.14,184.96,177.65,182.33,6273400.0,0.0,1.0
09/25/2013,183.56,186.3,180.5,185.24,8252700.0,0.0,1.0
09/26/2013,186.7,189.68,185.61,188.64,6614400.0,0.0,1.0
09/27/2013,187.52,191.28,186.43,190.9,5916400.0,0.0,1.0
09/30/2013,189.0,194.5,188.0,193.37,8924700.0,0.0,1.0
10/01/2013,193.96,194.23,188.37,193.0,7755900.0,0.0,1.0
10/02/2013,188.59,191.83,175.4,180.95,20775400.0,0.0,1.0
10/03/2013,175.05,179.69,168.0,173.31,23816500.0,0.0,1.0
10/04/2013,176.4,181.18,172.65,180.98,14414000.0,0.0,1.0
10/07/2013,182.46,186.73,180.26,183.07,11485600.0,0.0,1.0
10/08/2013,184.4,185.93,173.21,174.73,13757200.0,0.0,1.0
10/09/2013,174.73,174.99,161.5,168.78,15316500.0,0.0,1.0
10/10/2013,173.09,175.75,169.69,172.93,8883900.0,0.0,1.0
10/11/2013,172.75,179.29,171.2,178.7,8311100.0,0.0,1.0
10/14/2013,175.0,182.5,174.15,179.72,7769600.0,0.0,1.0
10/15/2013,185.28,188.79,183.18,183.94,10978500.0,0.0,1.0
10/16/2013,184.9,187.3,182.09,183.56,8205400.0,0.0,1.0
10/17/2013,183.54,184.8,180.99,182.8,6705000.0,0.0,1.0
10/18/2013,184.15,185.96,182.52,183.4,5930800.0,0.0,1.0
10/21/2013,183.28,183.39,171.0,172.6,11532100.0,0.0,1.0
10/22/2013,170.5,177.78,166.11,171.54,11386700.0,0.0,1.0
10/23/2013,168.91,171.81,160.15,164.5,13320400.0,0.0,1.0
10/24/2013,165.0,174.5,162.83,173.15,10825700.0,0.0,1.0
10/25/2013,174.21,174.5,166.8,169.66,7595500.0,0.0,1.0
10/28/2013,170.18,170.5,162.2,162.86,7841700.0,0.0,1.0
10/29/2013,162.76,165.45,153.0,164.47,14111700.0,0.0,1.0
10/30/2013,164.63,167.68,158.17,159.22,8401800.0,0.0,1.0
10/31/2013,155.67,162.44,153.3,159.94,9333800.0,0.0,1.0
11/01/2013,163.0,165.9,160.41,162.17,7180600.0,0.0,1.0
11/04/2013,165.0,175.39,164.22,175.2,13120400.0,0.0,1.0
11/05/2013,180.0,181.43,171.36,176.81,22467100.0,0.0,1.0
11/06/2013,154.81,160.73,146.35,151.16,31071700.0,0.0,1.0
11/07/2013,144.19,145.65,137.62,139.77,22284700.0,0.0,1.0
11/08/2013,136.48,140.6,132.32,137.95,22477900.0,0.0,1.0
11/11/2013,141.0,145.42,137.1,144.7,13997600.0,0.0,1.0
11/12/2013,144.69,144.7,136.18,137.8,14985200.0,0.0,1.0
11/13/2013,140.84,142.37,136.34,138.7,12658300.0,0.0,1.0
11/14/2013,138.92,140.4,134.11,137.6,12203700.0,0.0,1.0
11/15/2013,136.85,137.95,134.35,135.45,9900200.0,0.0,1.0
11/18/2013,135.27,135.45,119.61,121.58,23138200.0,0.0,1.0
11/19/2013,119.43,129.0,119.22,126.09,19816200.0,0.0,1.0
11/20/2013,126.08,127.45,119.06,121.11,13849600.0,0.0,1.0
11/21/2013,122.89,124.79,120.25,122.1,11903800.0,0.0,1.0
11/22/2013,121.58,122.75,117.93,121.38,11096700.0,0.0,1.0
11/25/2013,124.5,125.84,120.3,120.84,10267300.0,0.0,1.0
11/26/2013,119.38,122.72,116.1,120.5,13885500.0,0.0,1.0
11/27/2013,121.31,126.95,119.52,126.94,12367600.0,0.0,1.0
11/29/2013,129.77,130.59,126.98,127.28,9716200.0,0.0,1.0
12/02/2013,126.35,128.55,123.93,124.17,7751200.0,0.0,1.0
12/03/2013,132.68,144.94,131.59,144.7,25682400.0,0.0,1.0
12/04/2013,144.32,144.43,137.13,138.95,13129000.0,0.0,1.0
12/05/2013,140.15,143.35,139.5,140.48,9288400.0,0.0,1.0
12/06/2013,141.51,142.49,136.3,137.36,7909600.0,0.0,1.0
12/09/2013,137.0,141.7,134.21,141.6,9061500.0,0.0,1.0
12/10/2013,140.05,145.87,139.86,142.19,10748200.0,0.0,1.0
12/11/2013,141.88,143.05,139.49,139.65,7137800.0,0.0,1.0
12/12/2013,139.7,148.24,138.53,147.47,10767800.0,0.0,1.0
12/13/2013,148.05,151.8,147.32,147.65,10591900.0,0.0,1.0
12/16/2013,148.48,150.43,146.1,147.94,6675300.0,0.0,1.0
12/17/2013,147.58,154.63,146.32,152.46,10495000.0,0.0,1.0
12/18/2013,152.24,154.9,145.95,147.98,11581900.0,0.0,1.0
12/19/2013,146.9,147.0,139.1,140.72,12758600.0,0.0,1.0
12/20/2013,141.58,144.35,141.58,143.24,7412600.0,0.0,1.0
12/23/2013,144.85,146.24,142.6,143.55,5385500.0,0.0,1.0
12/24/2013,150.0,154.97,149.82,151.41,9941500.0,0.0,1.0
12/26/2013,155.04,158.0,154.29,155.5,7129500.0,0.0,1.0
12/27/2013,155.3,155.5,150.8,151.12,5460200.0,0.0,1.0
12/30/2013,151.12,154.81,150.75,152.44,4467500.0,0.0,1.0
12/31/2013,152.32,153.2,148.66,150.43,4262400.0,0.0,1.0
01/02/2014,149.8,152.48,146.55,150.1,6188400.0,0.0,1.0
01/03/2014,150.0,152.19,148.6,149.56,4695000.0,0.0,1.0
01/06/2014,150.0,150.4,145.24,147.0,5361100.0,0.0,1.0
01/07/2014,147.62,150.4,145.25,149.36,5034100.0,0.0,1.0
01/08/2014,148.85,153.7,148.76,151.28,6163200.0,0.0,1.0
01/09/2014,152.5,153.43,146.85,147.53,5382000.0,0.0,1.0
01/10/2014,148.46,148.9,142.25,145.72,7446100.0,0.0,1.0
01/13/2014,145.78,147.0,137.82,139.34,6316100.0,0.0,1.0
01/14/2014,140.5,162.0,136.67,161.27,27607000.0,0.0,1.0
01/15/2014,168.45,172.23,162.1,164.13,20465600.0,0.0,1.0
01/16/2014,162.5,172.7,162.4,170.97,11959400.0,0.0,1.0
01/17/2014,170.19,173.2,167.95,170.01,9206200.0,0.0,1.0
01/21/2014,171.24,177.29,170.81,176.68,9734700.0,0.0,1.0
01/22/2014,177.81,180.32,174.76,178.56,7022600.0,0.0,1.0
01/23/2014,177.23,182.38,173.42,181.5,7867400.0,0.0,1.0
01/24/2014,177.85,180.48,173.53,174.6,7664300.0,0.0,1.0
01/27/2014,175.16,177.92,164.71,169.62,8716400.0,0.0,1.0
01/28/2014,171.5,178.98,171.0,178.38,6093400.0,0.0,1.0
01/29/2014,175.3,179.09,173.13,175.23,5935500.0,0.0,1.0
01/30/2014,178.0,184.78,177.01,182.84,8565000.0,0.0,1.0
01/31/2014,178.85,186.0,178.51,181.41,6508800.0,0.0,1.0
02/03/2014,182.89,184.88,175.16,177.11,6764900.0,0.0,1.0
02/04/2014,180.7,181.6,176.2,178.73,4686300.0,0.0,1.0
02/05/2014,178.3,180.59,169.36,174.42,7268000.0,0.0,1.0
02/06/2014,176.3,180.11,176.0,178.38,5841600.0,0.0,1.0
02/07/2014,181.01,186.63,179.6,186.53,8928500.0,0.0,1.0
02/10/2014,189.34,199.3,189.32,196.56,12970700.0,0.0,1.0
02/11/2014,198.97,202.2,192.7,196.62,10709900.0,0.0,1.0
02/12/2014,195.78,198.27,194.32,195.32,5173700.0,0.0,1.0
02/13/2014,193.34,202.72,193.25,199.63,8029300.0,0.0,1.0
02/14/2014,198.1,201.88,197.0,198.23,6158000.0,0.0,1.0
02/18/2014,205.24,206.0,201.36,203.7,9332800.0,0.0,1.0
02/19/2014,203.7,203.7,193.41,193.64,16169000.0,0.0,1.0
02/20/2014,215.01,215.21,206.27,209.97,18002300.0,0.0,1.0
02/21/2014,211.64,213.98,209.19,209.6,7818800.0,0.0,1.0
02/24/2014,208.76,218.36,208.32,217.65,8278400.0,0.0,1.0
02/25/2014,230.0,259.2,228.45,248.0,32681700.0,0.0,1.0
02/26/2014,258.58,265.0,247.5,253.0,24604600.0,0.0,1.0
02/27/2014,261.25,261.9,248.33,252.54,17945800.0,0.0,1.0
02/28/2014,249.65,252.68,242.55,244.81,14589800.0,0.0,1.0
03/03/2014,237.26,251.65,234.99,250.56,13089300.0,0.0,1.0
03/04/2014,258.48,260.0,252.83,254.84,8745600.0,0.0,1.0
03/05/2014,256.72,256.99,251.8,252.66,5935700.0,0.0,1.0
03/06/2014,254.14,257.5,249.45,252.94,7361100.0,0.0,1.0
03/07/2014,252.94,254.85,244.41,246.21,7812300.0,0.0,1.0
03/10/2014,242.7,243.0,236.06,238.84,7728100.0,0.0,1.0
03/11/2014,236.5,244.6,232.43,234.41,8836300.0,0.0,1.0
03/12/2014,231.5,247.5,231.11,241.49,9754400.0,0.0,1.0
03/13/2014,243.79,244.19,234.0,237.79,6236300.0,0.0,1.0
03/14/2014,235.29,236.94,228.32,230.97,8289700.0,0.0,1.0
03/17/2014,234.95,237.93,230.5,233.98,5912600.0,0.0,1.0
03/18/2014,236.95,241.5,235.02,240.04,6242300.0,0.0,1.0
03/19/2014,241.39,241.55,233.51,235.84,5071300.0,0.0,1.0
03/20/2014,236.16,239.25,233.36,234.91,3817900.0,0.0,1.0
03/21/2014,236.02,236.2,227.5,228.89,8227300.0,0.0,1.0
03/24/2014,229.75,229.9,210.27,220.17,11328800.0,0.0,1.0
03/25/2014,224.14,227.05,217.9,220.44,7865400.0,0.0,1.0
03/26/2014,221.95,222.6,211.35,212.96,6907300.0,0.0,1.0
03/27/2014,212.37,213.6,203.0,207.32,9505300.0,0.0,1.0
03/28/2014,212.8,216.72,210.27,212.37,9684800.0,0.0,1.0
03/31/2014,216.5,216.75,206.39,208.45,8380000.0,0.0,1.0
04/01/2014,209.02,218.16,208.58,216.97,7371400.0,0.0,1.0
04/02/2014,220.0,230.89,218.05,230.29,10782300.0,0.0,1.0
04/03/2014,230.3,235.73,222.0,225.4,10923700.0,0.0,1.0
04/04/2014,226.01,228.27,211.25,212.23,11345600.0,0.0,1.0
04/07/2014,205.81,216.2,203.51,207.52,9855500.0,0.0,1.0
04/08/2014,210.05,216.49,206.42,215.46,6889300.0,0.0,1.0
04/09/2014,216.76,218.45,210.89,216.93,5141800.0,0.0,1.0
04/10/2014,216.82,217.5,203.79,204.19,7191400.0,0.0,1.0
04/11/2014,200.61,207.0,198.6,203.78,9067200.0,0.0,1.0
04/14/2014,207.6,208.44,194.41,198.09,7692400.0,0.0,1.0
04/15/2014,199.09,199.29,184.32,193.91,13663294.0,0.0,1.0
04/16/2014,197.0,199.99,190.82,199.11,7191261.0,0.0,1.0
04/17/2014,199.61,202.29,194.08,198.12,5919515.0,0.0,1.0
04/21/2014,197.08,206.2,194.0,204.38,5253883.0,0.0,1.0
04/22/2014,206.36,219.33,205.01,218.64,9788719.0,0.0,1.0
04/23/2014,216.33,216.74,207.0,207.99,7295609.0,0.0,1.0
04/24/2014,210.8,212.8,203.2,207.86,5502655.0,0.0,1.0
04/25/2014,202.0,206.7,197.65,199.85,6993188.0,0.0,1.0
04/28/2014,199.99,203.7899,190.5,198.51,7034497.0,0.0,1.0
04/29/2014,198.21,207.149,195.5301,206.92,5784991.0,0.0,1.0
04/30/2014,203.6,208.16,201.28,207.89,4439450.0,0.0,1.0
05/01/2014,207.08,214.02,205.69,207.73,5443701.0,0.0,1.0
05/02/2014,208.6,211.36,206.52,210.91,4087445.0,0.0,1.0
05/05/2014,209.45,217.69,208.52,216.61,5148434.0,0.0,1.0
05/06/2014,216.58,218.6596,206.85,207.28,5632093.0,0.0,1.0
05/07/2014,209.64,210.2,197.25,201.35,10159699.0,0.0,1.0
05/08/2014,182.25,194.4,178.0,178.59,20046074.0,0.0,1.0
05/09/2014,179.86,183.4,177.22,182.26,8495200.0,0.0,1.0
05/12/2014,183.87,187.19,179.88,184.67,7001925.0,0.0,1.0
05/13/2014,183.86,191.34,183.0,190.16,7094137.0,0.0,1.0
05/14/2014,188.95,193.48,187.1,190.62,5412291.0,0.0,1.0
05/15/2014,189.98,192.6599,185.3,188.59,6043345.0,0.0,1.0
05/16/2014,189.0,192.04,187.72,191.56,4487776.0,0.0,1.0
05/20/2014,196.94,199.33,193.0701,195.3,5543292.0,0.0,1.0
05/21/2014,196.02,199.87,194.79,199.45,5290755.0,0.0,1.0
05/22/2014,200.0,206.88,199.5604,204.88,6207886.0,0.0,1.0
05/23/2014,204.53,207.76,202.5,207.3,4000283.0,0.0,1.0
05/27/2014,208.52,213.87,207.7,211.56,5339066.0,0.0,1.0
05/28/2014,210.0,212.77,205.26,210.24,5491089.0,0.0,1.0
05/29/2014,210.57,212.49,207.72,210.24,3687520.0,0.0,1.0
05/30/2014,210.6,214.8,207.02,207.77,5565712.0,0.0,1.0
06/02/2014,207.33,209.35,201.67,204.7,4646904.0,0.0,1.0
06/03/2014,203.49,208.0,202.59,204.94,3848235.0,0.0,1.0
06/04/2014,204.35,206.26,200.396,203.99,3425697.0,0.0,1.0
06/05/2014,204.47,209.2,204.05,206.9,4046441.0,0.0,1.0
06/06/2014,209.75,210.81,207.18,208.171,3070117.0,0.0,1.0
06/09/2014,207.95,209.99,204.2,205.31,2796391.0,0.0,1.0
06/10/2014,204.47,206.97,201.55,202.3,3502399.0,0.0,1.0
06/11/2014,201.5,205.0,199.251,204.47,3970507.0,0.0,1.0
06/12/2014,205.1,209.88,202.71,203.52,5985613.0,0.0,1.0
06/13/2014,204.39,206.79,201.584,206.42,3534116.0,0.0,1.0
06/16/2014,206.31,225.49,206.26,224.61,13166446.0,0.0,1.0
06/17/2014,224.0,235.54,222.85,231.67,13231487.0,0.0,1.0
06/18/2014,231.41,231.71,226.12,227.12,6916993.0,0.0,1.0
06/19/2014,228.88,235.31,227.0,227.79,8792300.0,0.0,1.0
06/20/2014,228.32,231.29,226.2,229.59,4811733.0,0.0,1.0
06/23/2014,229.51,238.99,228.22,237.22,7786840.0,0.0,1.0
06/24/2014,238.78,241.88,231.6278,232.5,8071036.0,0.0,1.0
06/25/2014,233.09,237.55,230.24,236.891,5792861.0,0.0,1.0
06/26/2014,237.17,240.4,234.211,235.6,5113416.0,0.0,1.0
06/27/2014,234.69,240.0,234.5001,239.06,5631218.0,0.0,1.0
06/30/2014,239.55,244.49,239.0,240.06,4825334.0,0.0,1.0
07/01/2014,242.46,243.44,238.7,239.72,4333693.0,0.0,1.0
07/02/2014,240.66,242.33,227.07,229.425,8018089.0,0.0,1.0
07/03/2014,231.44,231.8984,224.0,229.25,5166055.0,0.0,1.0
07/07/2014,227.41,229.78,220.4,222.66,5885756.0,0.0,1.0
07/08/2014,218.75,220.96,214.27,219.07,7830061.0,0.0,1.0
07/09/2014,221.3,224.22,219.21,223.06,4105914.0,0.0,1.0
07/10/2014,217.34,222.22,216.04,219.46,4857613.0,0.0,1.0
07/11/2014,220.4,221.6,217.6,218.13,3286650.0,0.0,1.0
07/14/2014,219.99,228.79,215.4502,226.7,7186020.0,0.0,1.0
07/15/2014,226.73,227.65,218.1,219.58,5709890.0,0.0,1.0
07/16/2014,222.08,224.8,216.82,217.16,4036703.0,0.0,1.0
07/17/2014,216.16,220.55,213.6,215.4,4645884.0,0.0,1.0
07/18/2014,215.95,221.21,215.93,220.0201,4244906.0,0.0,1.0
07/21/2014,217.2,223.21,216.72,220.54,3820887.0,0.0,1.0
07/22/2014,222.19,223.3,219.1113,219.58,2723306.0,0.0,1.0
07/23/2014,219.85,224.75,219.43,222.49,3072269.0,0.0,1.0
07/24/2014,223.25,225.1,220.8,223.54,3107294.0,0.0,1.0
07/25/2014,222.72,226.97,221.75,223.57,3086833.0,0.0,1.0
07/28/2014,224.25,232.0,221.402,224.82,6495568.0,0.0,1.0
07/29/2014,226.61,228.3,224.86,225.01,3377723.0,0.0,1.0
07/30/2014,222.0,229.6,221.04,228.92,4908542.0,0.0,1.0
07/31/2014,229.41,231.4,221.5,223.3,7185293.0,0.0,1.0
08/01/2014,226.25,237.5,226.0,233.27,11881656.0,0.0,1.0
08/04/2014,234.38,240.5,233.27,238.52,5950917.0,0.0,1.0
08/05/2014,237.47,242.99,235.69,238.49,5371170.0,0.0,1.0
08/06/2014,238.91,251.42,238.58,248.9301,9204850.0,0.0,1.0
08/07/2014,250.0,256.688,249.12,252.39,7442455.0,0.0,1.0
08/08/2014,251.16,251.76,246.5,248.13,5086893.0,0.0,1.0
08/11/2014,255.14,263.74,255.0,259.32,8052782.0,0.0,1.0
08/12/2014,258.08,260.3,254.5801,259.96,6367545.0,0.0,1.0
08/13/2014,262.0,265.64,259.61,260.31,6872370.0,0.0,1.0
08/14/2014,262.49,263.0,256.5,261.38,4114592.0,0.0,1.0
08/15/2014,261.91,262.09,258.5,262.01,3852405.0,0.0,1.0
08/18/2014,263.25,267.26,259.75,259.94,5826334.0,0.0,1.0
08/19/2014,258.87,259.33,251.62,256.76,5325838.0,0.0,1.0
08/20/2014,254.49,258.74,253.0,255.71,3006962.0,0.0,1.0
08/21/2014,256.52,258.8,253.26,254.34,2902758.0,0.0,1.0
08/22/2014,254.98,256.9499,252.61,256.78,2829071.0,0.0,1.0
08/25/2014,258.19,263.68,258.19,262.55,4307444.0,0.0,1.0
08/26/2014,264.83,265.5,261.66,261.74,3809097.0,0.0,1.0
08/27/2014,263.5,264.24,260.29,263.25,2982277.0,0.0,1.0
08/28/2014,261.93,264.48,261.64,263.86,2832537.0,0.0,1.0
08/29/2014,268.7,272.0,267.51,269.7,6428129.0,0.0,1.0
09/02/2014,275.12,284.89,274.3,284.12,9777896.0,0.0,1.0
09/03/2014,287.62,288.0,280.1,281.19,6757473.0,0.0,1.0
09/04/2014,284.01,291.42,280.4,286.04,8256291.0,0.0,1.0
09/05/2014,282.65,282.9,272.51,277.39,11144890.0,0.0,1.0
09/08/2014,277.62,284.88,277.5227,282.11,5490724.0,0.0,1.0
09/09/2014,283.01,285.49,277.0,278.48,4551407.0,0.0,1.0
09/10/2014,279.5,281.41,273.66,281.1,3763191.0,0.0,1.0
09/11/2014,280.46,284.79,278.63,280.31,3758528.0,0.0,1.0
09/12/2014,280.5,282.39,277.0,279.2,3318698.0,0.0,1.0
09/15/2014,274.37,274.4,249.13,253.86,16351270.0,0.0,1.0
09/16/2014,255.2,262.46,252.42,260.74,8295397.0,0.0,1.0
09/17/2014,262.59,264.7,259.5,261.38,5165820.0,0.0,1.0
09/18/2014,263.36,265.6,262.32,263.82,3688151.0,0.0,1.0
09/19/2014,257.99,261.43,255.27,259.32,6797128.0,0.0,1.0
09/22/2014,255.0,256.02,244.71,250.03,8197896.0,0.0,1.0
09/23/2014,245.0,253.8,245.0,250.41,5642977.0,0.0,1.0
09/24/2014,251.22,252.84,247.04,252.14,3741162.0,0.0,1.0
09/25/2014,252.52,254.96,246.1,246.95,4829535.0,0.0,1.0
09/26/2014,248.25,249.73,246.07,246.6,3787717.0,0.0,1.0
09/29/2014,244.0,248.64,241.38,245.26,4848773.0,0.0,1.0
09/30/2014,246.92,247.65,240.1249,242.68,4219099.0,0.0,1.0
10/01/2014,242.2,242.66,235.65,240.24,5937870.0,0.0,1.0
10/02/2014,250.44,252.79,245.36,251.42,8979330.0,0.0,1.0
10/03/2014,253.1,256.5,251.033,255.21,5395753.0,0.0,1.0
10/06/2014,259.13,262.49,257.8,260.62,7697629.0,0.0,1.0
10/07/2014,258.53,261.46,255.73,259.57,4467721.0,0.0,1.0
10/08/2014,260.1,262.88,252.64,259.28,5043816.0,0.0,1.0
10/09/2014,262.25,265.54,254.4,257.01,7324595.0,0.0,1.0
10/10/2014,244.18,245.89,235.2,236.91,12863956.0,0.0,1.0
10/13/2014,238.57,238.9628,221.0,224.59,11208955.0,0.0,1.0
10/14/2014,228.34,232.47,223.0,227.06,7093614.0,0.0,1.0
10/15/2014,220.0,230.99,217.32,229.7,9062053.0,0.0,1.0
10/16/2014,219.72,229.92,219.1,226.35,5390108.0,0.0,1.0
10/17/2014,234.0,234.77,226.55,227.48,10528755.0,0.0,1.0
10/20/2014,226.39,232.4,225.51,230.47,3485036.0,0.0,1.0
10/21/2014,234.27,235.39,230.8,235.34,4106596.0,0.0,1.0
10/22/2014,233.19,237.39,230.56,231.1,4116243.0,0.0,1.0
10/23/2014,234.61,236.28,232.0,235.29,3483640.0,0.0,1.0
10/24/2014,236.27,237.8,231.2,235.24,3450405.0,0.0,1.0
10/27/2014,234.29,234.61,220.31,221.67,9531910.0,0.0,1.0
10/28/2014,229.52,244.6,228.25,242.77,10418862.0,0.0,1.0
10/29/2014,241.13,241.5,235.64,238.1,4955562.0,0.0,1.0
10/30/2014,238.14,240.5,235.06,238.66,3225519.0,0.0,1.0
10/31/2014,242.51,243.12,238.75,241.7,3751854.0,0.0,1.0
11/03/2014,243.0,247.56,241.32,242.59,4197170.0,0.0,1.0
11/04/2014,240.58,242.35,236.53,238.93,3669875.0,0.0,1.0
11/06/2014,234.49,246.69,228.5,241.22,15327352.0,0.0,1.0
11/07/2014,242.19,242.8399,237.2,240.2,5152168.0,0.0,1.0
11/10/2014,239.11,242.88,236.8,241.93,4563814.0,0.0,1.0
11/11/2014,242.55,251.82,242.0,251.08,7946898.0,0.0,1.0
11/12/2014,249.72,252.34,245.58,249.1,5861639.0,0.0,1.0
11/13/2014,250.62,255.75,250.25,251.7,6230288.0,0.0,1.0
11/14/2014,250.0,258.85,248.5,258.68,6093385.0,0.0,1.0
11/17/2014,257.49,259.0,252.02,253.98,4013239.0,0.0,1.0
11/18/2014,255.86,259.99,255.51,257.7,4462755.0,0.0,1.0
11/19/2014,250.61,251.88,245.6,247.74,7908614.0,0.0,1.0
11/20/2014,248.07,250.93,246.0,248.71,3579514.0,0.0,1.0
11/21/2014,252.21,252.78,242.17,242.78,7462672.0,0.0,1.0
11/24/2014,245.2,247.6,240.64,246.72,4780202.0,0.0,1.0
11/25/2014,247.6,249.72,246.0905,248.09,3155970.0,0.0,1.0
11/26/2014,248.0,249.0,246.6003,248.44,1976804.0,0.0,1.0
11/28/2014,245.69,246.6899,242.52,244.52,2119588.0,0.0,1.0
12/01/2014,241.23,242.47,229.01,231.64,8597180.0,0.0,1.0
12/02/2014,234.5,234.88,228.0,231.43,5868455.0,0.0,1.0
12/05/2014,228.67,229.389,222.26,223.71,6056122.0,0.0,1.0
12/08/2014,221.21,224.86,212.34,214.36,9206139.0,0.0,1.0
12/09/2014,209.38,217.7294,204.27,216.89,9353411.0,0.0,1.0
12/10/2014,214.27,216.77,207.7,209.84,7297715.0,0.0,1.0
12/11/2014,210.53,215.43,208.23,208.88,6680287.0,0.0,1.0
12/12/2014,205.0,211.68,204.5,207.0,7159524.0,0.0,1.0
12/15/2014,209.27,209.8,202.67,204.04,5190081.0,0.0,1.0
12/16/2014,200.89,203.68,195.37,197.81,8408622.0,0.0,1.0
12/17/2014,193.3,206.65,192.65,205.82,7359438.0,0.0,1.0
12/18/2014,212.38,218.44,211.8,218.26,7458897.0,0.0,1.0
12/19/2014,220.02,220.4,214.5,219.29,6892751.0,0.0,1.0
12/22/2014,220.0,224.06,218.26,222.6,4799314.0,0.0,1.0
12/23/2014,223.81,224.315,219.5242,220.97,4506570.0,0.0,1.0
12/24/2014,219.77,222.5,219.25,222.26,1333518.0,0.0,1.0
12/26/2014,221.51,228.5,221.5,227.82,3299919.0,0.0,1.0
12/30/2014,223.99,225.654,221.4,222.23,2898247.0,0.0,1.0
12/31/2014,223.09,225.68,222.25,222.41,2390863.0,0.0,1.0
01/02/2015,222.87,223.25,213.26,219.31,4749878.0,0.0,1.0
01/05/2015,214.55,216.5,207.1626,210.09,5347841.0,0.0,1.0
01/06/2015,210.06,214.2,204.21,211.28,6241604.0,0.0,1.0
01/08/2015,212.81,213.7999,210.01,210.615,3431408.0,0.0,1.0
01/12/2015,203.39,204.47,199.25,202.21,5943731.0,0.0,1.0
01/14/2015,186.46,195.2,185.0,192.69,11508474.0,0.0,1.0
01/15/2015,194.38,195.7499,190.0,191.87,5201490.0,0.0,1.0
01/20/2015,193.58,194.1199,187.04,191.93,4488704.0,0.0,1.0
01/21/2015,189.66,198.68,189.51,196.57,4143866.0,0.0,1.0
01/22/2015,197.0,203.24,195.2,201.62,4103753.0,0.0,1.0
01/23/2015,200.29,203.5,198.33,201.29,3441052.0,0.0,1.0
01/26/2015,201.83,208.62,201.05,206.55,3231121.0,0.0,1.0
01/28/2015,206.11,206.368,198.42,199.37,3137795.0,0.0,1.0
01/29/2015,201.07,205.98,196.5,205.2,3534086.0,0.0,1.0
01/30/2015,203.96,207.47,203.0,203.6,2999251.0,0.0,1.0
02/02/2015,203.97,211.9499,203.3,210.94,4137705.0,0.0,1.0
02/03/2015,213.11,220.37,211.27,218.36,4812783.0,0.0,1.0
02/04/2015,218.29,221.479,216.8,218.55,3304417.0,0.0,1.0
02/05/2015,219.88,225.48,219.638,220.99,3518316.0,0.0,1.0
02/06/2015,222.0,223.4,216.5001,217.36,3235856.0,0.0,1.0
02/09/2015,215.39,217.93,211.99,217.48,3468428.0,0.0,1.0
02/10/2015,217.63,220.5,215.0,216.29,5317952.0,0.0,1.0
02/11/2015,212.21,214.74,207.28,212.8,8590268.0,0.0,1.0
02/12/2015,193.66,203.0882,193.28,202.88,15614864.0,0.0,1.0
02/13/2015,202.9,205.99,200.91,203.77,6134820.0,0.0,1.0
02/17/2015,205.7,205.7,201.5,204.35,3962017.0,0.0,1.0
02/18/2015,204.17,206.17,202.6,204.46,2708372.0,0.0,1.0
02/19/2015,205.0,212.44,203.75,211.705,5135899.0,0.0,1.0
02/20/2015,210.78,217.6,209.81,217.11,5972412.0,0.0,1.0
02/23/2015,215.66,218.2,206.33,207.335,8483839.0,0.0,1.0
02/24/2015,207.29,207.29,201.7,204.11,6587298.0,0.0,1.0
02/25/2015,204.94,207.14,202.58,203.76,3907505.0,0.0,1.0
02/26/2015,204.0,211.09,202.22,207.19,6468020.0,0.0,1.0
02/27/2015,206.9,208.55,202.8,203.34,3871397.0,0.0,1.0
03/02/2015,202.7,203.34,195.825,197.325,7910402.0,0.0,1.0
03/03/2015,196.81,200.2435,195.32,199.56,4430800.0,0.0,1.0
03/04/2015,199.25,202.52,197.21,202.435,4215255.0,0.0,1.0
03/05/2015,202.85,206.19,200.15,200.63,4877015.0,0.0,1.0
03/06/2015,199.21,200.75,192.151,193.88,6712438.0,0.0,1.0
03/09/2015,194.39,194.49,188.25,190.88,6736724.0,0.0,1.0
03/10/2015,188.46,193.5,187.6,190.32,5579691.0,0.0,1.0
03/11/2015,191.15,196.18,191.01,193.74,4974871.0,0.0,1.0
03/12/2015,193.75,194.45,189.75,191.07,4120421.0,0.0,1.0
03/13/2015,188.95,191.75,187.32,188.68,5366403.0,0.0,1.0
03/16/2015,192.0,195.91,189.8,195.7,5590951.0,0.0,1.0
03/17/2015,195.43,198.71,193.94,194.73,4866942.0,0.0,1.0
03/18/2015,194.96,200.88,193.11,200.71,4709359.0,0.0,1.0
03/19/2015,202.0,204.59,194.53,195.65,8214008.0,0.0,1.0
03/20/2015,197.45,198.99,195.621,198.17,4210876.0,0.0,1.0
03/23/2015,198.5,200.5,197.47,199.63,2615627.0,0.0,1.0
03/24/2015,201.58,203.79,199.75,201.72,3637109.0,0.0,1.0
03/25/2015,198.27,198.59,192.7,194.3,5640729.0,0.0,1.0
03/26/2015,193.92,194.79,189.7,190.41,3983626.0,0.0,1.0
03/27/2015,189.07,189.2899,181.4,185.0,8504346.0,0.0,1.0
03/30/2015,185.85,192.25,181.8,190.57,9834212.0,0.0,1.0
03/31/2015,193.53,193.76,188.41,188.77,4893315.0,0.0,1.0
04/01/2015,188.7,192.3,186.05,187.6,3779791.0,0.0,1.0
04/02/2015,190.23,193.23,190.0,191.0,4980286.0,0.0,1.0
04/06/2015,198.0,207.75,197.5,203.1,12349313.0,0.0,1.0
04/07/2015,202.51,205.06,201.14,203.25,4298329.0,0.0,1.0
04/08/2015,208.2,210.9,205.87,207.67,6265061.0,0.0,1.0
04/09/2015,208.43,210.37,206.12,210.09,3765484.0,0.0,1.0
04/10/2015,209.85,211.65,209.0,210.9,4003907.0,0.0,1.0
04/13/2015,210.435,213.0,209.05,209.78,3750457.0,0.0,1.0
04/14/2015,208.57,209.49,205.5,207.46,3011160.0,0.0,1.0
04/15/2015,207.46,209.59,206.6,207.83,1888704.0,0.0,1.0
04/16/2015,207.7,209.17,206.29,206.7,1615052.0,0.0,1.0
04/17/2015,204.99,206.88,203.5,206.79,2444489.0,0.0,1.0
04/20/2015,206.78,207.85,203.85,205.27,2550646.0,0.0,1.0
04/21/2015,205.8,210.75,204.31,209.41,3410440.0,0.0,1.0
04/22/2015,212.5,221.88,211.69,219.38,7822767.0,0.0,1.0
04/23/2015,218.27,221.48,217.1501,218.6,4401309.0,0.0,1.0
04/24/2015,220.5,220.8,218.01,218.425,2404806.0,0.0,1.0
04/27/2015,222.56,238.75,222.0,231.55,11629539.0,0.0,1.0
04/28/2015,234.75,235.5,228.03,230.48,6063780.0,0.0,1.0
04/29/2015,230.05,234.97,227.63,232.45,3923644.0,0.0,1.0
04/30/2015,230.39,232.89,225.17,226.05,3871903.0,0.0,1.0
05/01/2015,229.94,231.77,220.405,226.03,5232598.0,0.0,1.0
05/04/2015,228.18,234.73,227.11,230.51,4434596.0,0.0,1.0
05/05/2015,237.76,239.5,229.13,232.95,5796873.0,0.0,1.0
05/06/2015,234.1,234.47,228.2,230.43,5270933.0,0.0,1.0
05/07/2015,221.0,237.48,220.25,236.8,9455909.0,0.0,1.0
05/08/2015,235.99,238.4099,233.7,236.61,4668236.0,0.0,1.0
05/11/2015,236.29,242.88,235.31,239.49,5672262.0,0.0,1.0
05/12/2015,240.11,246.35,238.19,244.74,6363429.0,0.0,1.0
05/13/2015,247.61,248.3,242.25,243.18,5384760.0,0.0,1.0
05/14/2015,244.82,244.89,241.25,244.1,2895936.0,0.0,1.0
05/15/2015,243.93,249.4,242.5,248.84,4506817.0,0.0,1.0
05/18/2015,247.0,249.9,246.0,248.75,3327370.0,0.0,1.0
05/19/2015,248.43,251.0,246.15,247.14,3660963.0,0.0,1.0
05/20/2015,247.13,247.74,241.3721,244.35,3742500.0,0.0,1.0
05/21/2015,243.03,246.62,242.3574,245.62,1962867.0,0.0,1.0
05/22/2015,245.38,248.6,245.01,247.73,2201908.0,0.0,1.0
05/26/2015,247.68,252.0,246.5,247.455,3477932.0,0.0,1.0
05/27/2015,248.51,249.5,245.55,247.43,3397932.0,0.0,1.0
05/28/2015,247.03,251.8,245.05,251.45,3634814.0,0.0,1.0
05/29/2015,251.0,252.8677,249.43,250.8,3728332.0,0.0,1.0
06/01/2015,251.41,251.6,247.47,249.45,2500307.0,0.0,1.0
06/02/2015,248.92,249.4,246.3,248.35,2124088.0,0.0,1.0
06/03/2015,248.2,250.72,247.01,248.99,1746445.0,0.0,1.0
06/04/2015,247.5,249.3,245.71,245.92,2415703.0,0.0,1.0
06/05/2015,246.0,249.7,245.68,249.14,3015433.0,0.0,1.0
06/08/2015,250.85,258.75,250.31,256.29,4994496.0,0.0,1.0
06/09/2015,255.4,257.74,254.14,256.0,2611146.0,0.0,1.0
06/10/2015,251.9,254.0,248.5,250.7,3454453.0,0.0,1.0
06/11/2015,253.26,254.37,250.43,251.41,2044058.0,0.0,1.0
06/12/2015,250.21,253.46,250.21,250.69,1422335.0,0.0,1.0
06/15/2015,249.7,251.28,246.01,250.38,2166486.0,0.0,1.0
06/16/2015,250.13,253.44,249.095,253.12,1970947.0,0.0,1.0
06/17/2015,252.17,264.36,252.02,260.41,5476891.0,0.0,1.0
06/18/2015,262.0,263.46,260.02,261.89,2744886.0,0.0,1.0
06/19/2015,262.4,263.8,260.1,262.51,2424955.0,0.0,1.0
06/22/2015,262.15,264.4,255.69,259.79,4553335.0,0.0,1.0
06/23/2015,260.32,268.0,258.57,267.67,3829393.0,0.0,1.0
06/24/2015,266.98,267.35,263.72,265.17,2402025.0,0.0,1.0
06/25/2015,266.45,271.41,265.25,268.79,2833880.0,0.0,1.0
06/26/2015,268.89,269.11,266.0,267.09,3435302.0,0.0,1.0
06/29/2015,261.95,265.95,260.7,262.02,3462435.0,0.0,1.0
06/30/2015,264.8,270.92,264.0,268.26,3069743.0,0.0,1.0
07/01/2015,271.11,272.62,267.8503,269.15,2096054.0,0.0,1.0
07/02/2015,280.195,282.45,273.31,280.02,7096774.0,0.0,1.0
07/06/2015,278.88,281.69,276.3,279.72,4097198.0,0.0,1.0
07/07/2015,275.0,275.2,260.77,267.88,6081406.0,0.0,1.0
07/08/2015,259.32,260.8,254.31,254.96,6198007.0,0.0,1.0
07/09/2015,259.08,262.95,256.79,257.92,3321432.0,0.0,1.0
07/10/2015,262.22,263.0,257.82,259.056,2597944.0,0.0,1.0
07/14/2015,262.1,265.9899,260.51,265.65,1897840.0,0.0,1.0
07/15/2015,266.74,267.49,262.08,263.14,1997556.0,0.0,1.0
07/16/2015,264.22,267.2,267.2,266.68,1580039.0,0.0,1.0
07/17/2015,272.5,275.54,268.25,274.66,4976637.0,0.0,1.0
07/20/2015,275.0,286.65,272.54,282.26,4960774.0,0.0,1.0
07/21/2015,270.05,273.5,266.55,266.77,6055558.0,0.0,1.0
07/22/2015,261.27,269.44,260.86,267.87,3090796.0,0.0,1.0
07/23/2015,269.65,269.9,265.27,267.2,2211013.0,0.0,1.0
07/24/2015,267.38,271.09,263.92,265.41,2815017.0,0.0,1.0
07/27/2015,262.43,264.4321,250.79,253.01,4680859.0,0.0,1.0
07/28/2015,255.75,265.4,251.8373,264.82,3863368.0,0.0,1.0
07/29/2015,264.27,267.89,262.0,263.82,2773140.0,0.0,1.0
07/30/2015,262.69,266.94,262.11,266.79,2024514.0,0.0,1.0
07/31/2015,267.6,269.3599,265.123,266.15,2206387.0,0.0,1.0
08/03/2015,266.29,266.7099,257.07,259.99,2542159.0,0.0,1.0
08/04/2015,260.01,266.72,258.34,266.28,2319946.0,0.0,1.0
08/05/2015,263.58,271.0,260.4,270.13,4798058.0,0.0,1.0
08/06/2015,249.54,255.0,236.12,246.13,14593470.0,0.0,1.0
08/07/2015,243.58,243.73,238.39,242.51,5032149.0,0.0,1.0
08/10/2015,238.15,242.97,236.05,241.14,4169108.0,0.0,1.0
08/11/2015,237.15,239.3,234.44,237.37,4250385.0,0.0,1.0
08/12/2015,235.0,239.77,232.74,238.17,3705374.0,0.0,1.0
08/13/2015,239.86,246.48,239.12,242.51,4587532.0,0.0,1.0
08/14/2015,247.24,247.93,241.77,243.15,4346784.0,0.0,1.0
08/17/2015,255.56,256.59,250.51,254.99,7155373.0,0.0,1.0
08/18/2015,255.38,260.95,253.5601,260.72,4168975.0,0.0,1.0
08/19/2015,260.33,260.65,255.02,255.25,3592715.0,0.0,1.0
08/20/2015,252.06,254.56,241.9,242.18,4876566.0,0.0,1.0
08/21/2015,236.0,243.7999,230.51,231.24,6442367.0,0.0,1.0
08/24/2015,202.79,231.4,195.0,219.625,8164295.0,0.0,1.0
08/25/2015,230.52,230.9,219.53,221.05,4140253.0,0.0,1.0
08/26/2015,227.93,228.0,215.51,224.84,4847113.0,0.0,1.0
08/27/2015,231.0,244.75,230.81,242.99,7628981.0,0.0,1.0
08/28/2015,241.86,251.45,241.57,248.48,5490791.0,0.0,1.0
08/31/2015,245.77,254.95,245.51,249.06,4700232.0,0.0,1.0
09/01/2015,240.34,246.0,236.97,238.63,5432357.0,0.0,1.0
09/02/2015,245.14,247.88,239.78,247.69,4577225.0,0.0,1.0
09/03/2015,252.06,252.08,245.0,245.57,4126312.0,0.0,1.0
09/04/2015,240.89,244.09,238.2,241.93,3673499.0,0.0,1.0
09/08/2015,245.05,249.16,244.05,248.17,3094761.0,0.0,1.0
09/09/2015,252.05,254.25,248.303,248.91,3390788.0,0.0,1.0
09/10/2015,247.23,250.7231,245.33,248.48,2709024.0,0.0,1.0
09/11/2015,247.64,250.24,244.73,250.24,2350844.0,0.0,1.0
09/14/2015,251.1,254.25,249.67,253.155,2870597.0,0.0,1.0
09/15/2015,252.75,254.6,249.5,253.57,2923179.0,0.0,1.0
09/16/2015,253.04,262.88,252.88,262.25,4399068.0,0.0,1.0
09/17/2015,263.96,265.5,260.69,261.87,3552511.0,0.0,1.0
09/18/2015,257.96,263.82,257.5,260.62,3715572.0,0.0,1.0
09/21/2015,263.98,271.57,255.8,264.2,6099418.0,0.0,1.0
09/22/2015,259.03,262.65,255.87,260.94,3651690.0,0.0,1.0
09/23/2015,261.95,262.08,257.5838,261.06,2573364.0,0.0,1.0
09/24/2015,259.53,263.45,256.21,263.12,3438699.0,0.0,1.0
09/25/2015,266.61,266.91,256.15,256.91,3758459.0,0.0,1.0
09/28/2015,257.35,259.79,246.61,248.43,4881802.0,0.0,1.0
09/29/2015,250.46,254.73,245.46,246.65,3689485.0,0.0,1.0
09/30/2015,252.0,252.4,242.34,248.4,4879816.0,0.0,1.0
10/01/2015,247.51,248.5,237.13,239.88,4559022.0,0.0,1.0
10/02/2015,235.6,247.7,234.93,247.57,4257994.0,0.0,1.0
10/05/2015,248.84,249.84,244.13,246.15,3659053.0,0.0,1.0
10/06/2015,240.0,243.03,235.58,241.46,5211168.0,0.0,1.0
10/07/2015,236.63,237.7,229.12,231.96,6791417.0,0.0,1.0
10/08/2015,230.08,230.72,221.31,226.72,6104144.0,0.0,1.0
10/09/2015,220.93,224.37,218.36,220.675,6121939.0,0.0,1.0
10/12/2015,222.99,223.0,215.27,215.58,3836303.0,0.0,1.0
10/13/2015,213.28,222.522,211.13,219.25,5148257.0,0.0,1.0
10/14/2015,220.67,220.95,215.43,216.88,3071270.0,0.0,1.0
10/15/2015,216.43,221.73,213.7,221.31,2828093.0,0.0,1.0
10/16/2015,223.04,230.4805,222.87,227.01,4299110.0,0.0,1.0
10/19/2015,226.5,231.15,224.94,228.1,2497665.0,0.0,1.0
10/20/2015,227.72,228.6,202.0,213.03,14829846.0,0.0,1.0
10/21/2015,211.99,214.81,208.8,210.09,4139996.0,0.0,1.0
10/22/2015,211.56,215.75,209.4,211.72,2798585.0,0.0,1.0
10/23/2015,215.0,215.35,207.69,209.09,4136530.0,0.0,1.0
10/26/2015,211.38,215.88,210.0,215.26,3379981.0,0.0,1.0
10/27/2015,214.84,217.1,207.51,210.35,3492833.0,0.0,1.0
10/28/2015,211.31,213.45,208.3,212.96,2665752.0,0.0,1.0
10/29/2015,211.75,213.7481,210.64,211.63,1765535.0,0.0,1.0
10/30/2015,210.4,211.63,203.89,206.93,4355313.0,0.0,1.0
11/02/2015,208.92,215.8,207.22,213.79,3909852.0,0.0,1.0
11/03/2015,213.85,214.44,207.75,208.35,5585123.0,0.0,1.0
11/04/2015,227.0,232.74,225.2,231.63,12696471.0,0.0,1.0
11/05/2015,230.58,234.5843,229.19,231.77,4481847.0,0.0,1.0
11/06/2015,230.7,233.359,229.5,232.36,2432195.0,0.0,1.0
11/09/2015,232.99,232.99,224.31,225.33,3828812.0,0.0,1.0
11/10/2015,223.48,223.7,216.08,216.5,4562818.0,0.0,1.0
11/11/2015,217.77,219.48,213.63,219.08,3323959.0,0.0,1.0
11/12/2015,217.85,219.0,212.66,212.94,2893985.0,0.0,1.0
11/13/2015,212.95,212.99,206.52,207.19,3404032.0,0.0,1.0
11/16/2015,206.09,214.98,205.8,214.31,2881299.0,0.0,1.0
11/17/2015,215.2,216.0,211.4,214.0,2140116.0,0.0,1.0
11/18/2015,214.5,221.38,212.52,221.07,2801058.0,0.0,1.0
11/19/2015,220.54,226.19,220.3,221.8,2495665.0,0.0,1.0
11/20/2015,223.49,225.0,213.58,220.01,4371570.0,0.0,1.0
11/23/2015,217.35,219.18,214.6798,217.75,2505292.0,0.0,1.0
11/24/2015,215.37,221.0,215.0,218.25,2418578.0,0.0,1.0
11/25/2015,221.34,230.825,220.375,229.64,3973135.0,0.0,1.0
11/27/2015,231.06,232.25,227.01,231.61,1948804.0,0.0,1.0
11/30/2015,231.79,234.28,229.08,230.26,2566198.0,0.0,1.0
12/01/2015,231.06,238.0,231.05,237.19,3717552.0,0.0,1.0
12/02/2015,237.0,238.6,231.23,231.99,2969205.0,0.0,1.0
12/03/2015,235.48,237.45,230.0,232.71,2929318.0,0.0,1.0
12/04/2015,232.46,233.27,227.66,230.38,2549968.0,0.0,1.0
12/07/2015,227.7,235.63,226.15,231.13,3085159.0,0.0,1.0
12/08/2015,227.52,228.8,224.2,226.72,2679937.0,0.0,1.0
12/09/2015,226.7,227.5,220.72,224.52,3047155.0,0.0,1.0
12/10/2015,224.71,228.49,223.64,227.07,2059302.0,0.0,1.0
12/11/2015,225.24,225.75,216.64,217.02,3245499.0,0.0,1.0
12/14/2015,217.51,220.92,214.87,218.58,2814809.0,0.0,1.0
12/15/2015,221.82,222.22,218.0,221.09,2235103.0,0.0,1.0
12/16/2015,222.1,234.88,220.73,234.51,5013407.0,0.0,1.0
12/17/2015,233.94,237.76,229.8149,233.39,3284903.0,0.0,1.0
12/18/2015,232.89,235.9,229.29,230.46,2956898.0,0.0,1.0
12/21/2015,231.69,235.83,231.08,232.4,1911758.0,0.0,1.0
12/22/2015,234.99,236.55,229.63,229.95,1953785.0,0.0,1.0
12/23/2015,232.18,233.45,228.13,229.7,1515688.0,0.0,1.0
12/24/2015,230.56,231.88,228.28,230.57,710277.0,0.0,1.0
12/28/2015,231.49,231.98,225.54,228.97,1897625.0,0.0,1.0
12/29/2015,230.06,237.72,229.547,237.19,2362968.0,0.0,1.0
12/30/2015,236.6,243.634,235.6707,238.09,3680017.0,0.0,1.0
12/31/2015,238.51,243.45,238.37,240.01,2663593.0,0.0,1.0
01/04/2016,230.72,231.38,219.0,223.0,6550593.0,0.0,1.0
01/05/2016,226.36,226.89,220.0,223.43,3181473.0,0.0,1.0
01/06/2016,220.0,220.05,215.98,219.04,3747627.0,0.0,1.0
01/07/2016,214.19,218.44,213.67,215.65,3554251.0,0.0,1.0
01/08/2016,217.86,220.44,210.77,211.0,3555304.0,0.0,1.0
01/11/2016,214.01,214.45,203.0,207.85,4078267.0,0.0,1.0
01/12/2016,211.6,213.7395,205.31,209.97,3031924.0,0.0,1.0
01/13/2016,212.01,212.65,200.0,200.31,4032025.0,0.0,1.0
01/14/2016,202.21,210.0,193.38,206.18,6247130.0,0.0,1.0
01/15/2016,198.97,205.07,197.25,204.73,5032905.0,0.0,1.0
01/19/2016,208.71,210.47,200.78,204.72,3947081.0,0.0,1.0
01/20/2016,199.4,201.28,191.25,198.7,5807381.0,0.0,1.0
01/21/2016,201.55,203.23,195.02,199.97,3114874.0,0.0,1.0
01/22/2016,204.8005,205.5,199.03,202.55,3107121.0,0.0,1.0
01/25/2016,200.06,203.57,195.88,196.38,2628845.0,0.0,1.0
01/26/2016,196.7,197.82,188.88,193.56,4929983.0,0.0,1.0
01/27/2016,192.38,193.26,185.77,188.07,3555616.0,0.0,1.0
01/28/2016,190.79,191.28,182.41,189.7,4560360.0,0.0,1.0
01/29/2016,189.95,193.74,188.08,191.2,2822436.0,0.0,1.0
02/01/2016,188.76,199.52,182.75,196.94,5278183.0,0.0,1.0
02/02/2016,192.42,193.12,180.23,182.78,5745710.0,0.0,1.0
02/03/2016,183.59,183.94,170.18,173.48,7862432.0,0.0,1.0
02/04/2016,170.7,175.98,166.99,175.33,4312628.0,0.0,1.0
02/05/2016,171.3,173.0,157.7442,162.6,9349080.0,0.0,1.0
02/08/2016,157.105,157.15,146.0,147.99,9202228.0,0.0,1.0
02/09/2016,142.32,159.79,141.05,148.25,8542380.0,0.0,1.0
02/10/2016,150.5,154.97,141.74,143.67,8448264.0,0.0,1.0
02/11/2016,152.0,163.26,147.0,150.47,14181054.0,0.0,1.0
02/12/2016,155.0,157.01,143.7,151.04,7179479.0,0.0,1.0
